time,open,high,low,close,vwap,volume,count
1702394940,41161.0,41252.3,41161.0,41242.6,41229.1,3.09875767,37
1702395000,41235.4,41301.2,41235.3,41299.6,41267.3,0.12774624,28
1702395060,41299.1,41308.6,41281.3,41308.5,41292.6,0.59286047,17
1702395120,41319.6,41341.2,41315.6,41341.2,41327.4,1.01403540,22
1702395180,41340.3,41342.0,41310.8,41310.8,41315.2,0.58979692,20
1702395240,41310.9,41327.1,41297.1,41327.1,41311.7,6.88666609,38
1702395300,41334.5,41335.5,41306.9,41306.9,41312.1,0.16944714,8
1702395360,41286.7,41322.0,41261.1,41273.5,41279.9,0.66601081,39
1702395420,41261.2,41295.9,41260.8,41277.9,41283.7,0.30861209,15
1702395480,41267.9,41301.3,41267.9,41299.1,41296.3,0.41858837,15
1702395540,41296.1,41330.9,41283.1,41330.9,41327.7,0.51816654,13
1702395600,41314.7,41363.9,41314.7,41363.9,41331.6,2.60314420,25
1702395660,41363.9,41399.9,41363.9,41399.9,41392.6,0.88719794,27
1702395720,41400.1,41411.4,41400.0,41411.3,41410.9,0.05635025,14
1702395780,41411.4,41411.4,41369.9,41369.9,41409.2,2.04069461,12
1702395840,41369.9,41369.9,41335.1,41355.9,41357.3,0.87629712,22
1702395900,41355.9,41363.3,41355.9,41361.9,41361.8,2.28838844,20
1702395960,41410.2,41411.6,41410.2,41411.6,41411.5,0.01105460,10
1702396020,41411.5,41411.6,41361.9,41368.6,41407.8,0.16539302,14
1702396080,41369.9,41371.3,41361.9,41362.1,41363.4,0.09711499,12
1702396140,41362.1,41382.3,41362.0,41382.1,41376.5,9.14617152,31
1702396200,41383.0,41383.0,41355.9,41355.9,41368.0,0.09604119,16
1702396260,41355.9,41356.0,41316.7,41323.5,41350.5,2.58126893,31
1702396320,41327.8,41332.4,41291.8,41299.7,41305.9,0.36730304,20
1702396380,41301.7,41309.6,41283.3,41289.2,41302.5,2.57179880,36
1702396440,41289.2,41303.1,41283.1,41283.1,41285.6,0.46085271,14
1702396500,41283.0,41295.3,41260.8,41295.2,41269.7,0.87978438,20
1702396560,41295.4,41330.1,41295.4,41329.8,41329.3,1.05322225,13
1702396620,41329.8,41348.8,41317.0,41317.0,41333.3,1.92340825,21
1702396680,41313.3,41328.4,41290.0,41328.4,41293.1,3.05234734,19
1702396740,41328.4,41329.0,41328.3,41328.3,41328.3,0.19358091,12
1702396800,41328.4,41332.7,41328.3,41332.7,41331.6,0.65477572,18
1702396860,41332.7,41334.2,41320.1,41320.2,41323.9,0.70077848,16
1702396920,41310.9,41331.2,41302.4,41331.0,41319.5,2.28124762,12
1702396980,41331.1,41385.6,41331.1,41385.6,41352.1,1.05975370,25
1702397040,41385.6,41413.2,41385.6,41413.2,41412.8,1.79095422,26
1702397100,41413.1,41413.2,41324.0,41324.0,41372.6,3.76115593,28
1702397160,41324.0,41324.0,41294.1,41294.2,41295.1,0.00379774,5
1702397220,41294.1,41294.1,41260.9,41260.9,41275.4,2.35122229,29
1702397280,41260.8,41260.9,41220.4,41220.5,41258.4,1.71530985,22
1702397340,41219.9,41240.9,41164.0,41166.0,41193.4,3.45748088,44
1702397400,41171.3,41171.3,41153.4,41153.4,41159.7,8.25866753,30
1702397460,41153.3,41161.0,41145.7,41161.0,41154.0,7.56992696,122
1702397520,41165.6,41165.6,41097.4,41110.4,41127.1,39.04402626,104
1702397580,41113.8,41122.2,41072.2,41114.6,41101.2,23.24859606,78
1702397640,41114.6,41165.6,41111.7,41165.6,41130.6,5.92113287,22
1702397700,41165.6,41165.6,41165.5,41165.5,41165.5,0.60027764,10
1702397760,41165.6,41165.6,41152.0,41165.6,41154.7,8.26257710,22
1702397820,41165.6,41218.9,41165.6,41218.9,41200.2,1.27936350,27
1702397880,41220.2,41226.8,41151.9,41151.9,41190.2,7.41095365,27
1702397940,41152.0,41178.5,41151.8,41156.2,41156.5,9.24036485,21
1702398000,41153.8,41163.0,41138.6,41146.0,41141.4,1.05381547,17
1702398060,41141.5,41234.2,41141.5,41232.7,41150.0,1.16307923,23
1702398120,41232.8,41264.7,41232.8,41261.1,41256.4,2.50954180,17
1702398180,41243.6,41263.9,41243.6,41263.9,41252.7,0.02677538,7
1702398240,41264.0,41270.0,41264.0,41269.9,41269.9,0.51229852,18
1702398300,41270.0,41270.0,41269.9,41270.0,41269.9,0.05547595,8
1702398360,41269.9,41280.5,41269.9,41276.4,41276.4,0.67483516,14
1702398420,41276.4,41276.4,41276.3,41276.3,41276.3,1.13041040,12
1702398480,41276.4,41284.9,41276.4,41284.9,41284.8,3.95573890,14
1702398540,41284.8,41284.9,41270.0,41270.0,41284.5,0.29594195,12
1702398600,41269.9,41269.9,41251.5,41251.6,41251.8,0.56264641,23
1702398660,41251.6,41300.0,41251.6,41280.7,41286.6,9.66525956,28
1702398720,41281.1,41296.5,41281.1,41296.4,41295.7,0.07709317,6
1702398780,41296.5,41296.5,41296.4,41296.5,41296.4,1.70531856,10
1702398840,41296.4,41296.5,41296.4,41296.4,41296.4,0.02831232,5
1702398900,41296.5,41296.5,41296.4,41296.5,41296.4,1.42511015,13
1702398960,41296.5,41296.5,41284.0,41284.0,41289.0,0.80482988,10
1702399020,41284.0,41284.0,41222.8,41222.8,41242.6,0.37598351,26
1702399080,41223.9,41224.0,41200.1,41200.1,41220.9,8.42047628,23
1702399140,41200.0,41200.1,41162.1,41162.1,41181.3,2.47131040,19
1702399200,41162.1,41176.2,41155.6,41155.6,41162.0,4.12953681,18
1702399260,41155.5,41162.0,41155.5,41155.5,41156.0,4.23989034,22
1702399320,41155.5,41224.0,41155.5,41224.0,41198.0,0.15230330,23
1702399380,41223.9,41224.0,41209.1,41218.3,41223.8,4.92807673,22
1702399440,41218.3,41282.8,41218.3,41282.8,41245.6,1.11673849,27
1702399500,41284.0,41284.0,41279.0,41283.9,41283.9,0.35873437,15
1702399560,41284.0,41284.0,41255.6,41255.6,41283.3,0.82560934,14
1702399620,41274.2,41295.5,41257.5,41257.5,41281.1,3.61515437,29
1702399680,41257.5,41257.5,41249.3,41249.4,41257.2,0.06817946,8
1702399740,41249.3,41261.7,41237.3,41237.3,41248.4,0.02406616,14
1702399800,41237.3,41273.4,41237.3,41270.6,41261.2,1.11237859,23
1702399860,41254.8,41297.3,41246.7,41297.3,41290.7,2.78767297,22
1702399920,41290.5,41298.9,41289.8,41290.5,41291.2,1.58042477,18
1702399980,41290.5,41300.0,41290.4,41299.9,41299.3,0.15892829,18
1702400040,41299.7,41299.7,41297.4,41297.4,41298.7,0.01015764,4
1702400100,41297.4,41297.5,41297.4,41297.5,41297.4,0.02762305,5
1702400160,41297.4,41297.4,41269.7,41296.6,41279.7,2.52616225,22
1702400220,41298.0,41300.0,41275.0,41283.4,41290.1,7.38414316,31
1702400280,41284.2,41315.1,41284.2,41301.1,41307.9,26.04395896,49
1702400340,41299.6,41317.8,41299.6,41317.8,41315.6,3.09461032,27
1702400400,41304.5,41304.5,41275.0,41275.1,41284.7,0.20747329,20
1702400460,41275.0,41301.7,41275.0,41275.0,41275.4,0.73808209,15
1702400520,41275.1,41275.1,41275.0,41275.0,41275.0,0.27135432,18
1702400580,41275.0,41275.1,41233.2,41237.2,41262.2,2.09082425,31
1702400640,41229.5,41248.1,41227.4,41238.4,41236.7,0.38269397,16
1702400700,41236.7,41236.8,41235.6,41236.8,41236.6,0.01046981,7
1702400760,41236.8,41236.8,41224.7,41224.7,41233.4,0.57416344,8
1702400820,41224.7,41228.6,41209.2,41209.2,41216.4,3.57872014,24
1702400880,41209.1,41221.9,41209.1,41221.9,41209.2,3.07789987,21
1702400940,41221.9,41233.3,41206.5,41206.5,41207.9,3.68738980,27
1702401000,41206.5,41206.5,41206.4,41206.5,41206.4,0.29357782,12
1702401060,41206.5,41206.5,41173.2,41175.5,41184.2,3.72947991,33
1702401120,41177.0,41188.2,41166.0,41177.0,41176.8,0.45599206,17
1702401180,41177.0,41228.3,41177.0,41221.8,41202.5,1.40693012,21
1702401240,41213.0,41213.0,41166.0,41166.1,41180.5,0.89334475,12
1702401300,41166.1,41166.1,41147.8,41164.4,41153.3,2.94439789,29
1702401360,41161.2,41178.0,41155.3,41178.0,41160.7,0.45708512,24
1702401420,41168.3,41198.8,41168.3,41197.9,41191.8,0.41684825,17
1702401480,41197.9,41210.0,41197.9,41204.3,41204.9,1.08475965,21
1702401540,41210.4,41219.0,41210.4,41219.0,41218.0,0.70904646,16
1702401600,41220.5,41220.5,41210.4,41210.4,41218.1,0.21754787,15
1702401660,41206.5,41217.3,41191.3,41191.3,41203.3,3.44526445,33
1702401720,41191.3,41191.4,41088.0,41088.0,41107.3,6.09074693,70
1702401780,41088.1,41096.3,41022.6,41027.4,41050.8,38.50248654,140
1702401840,41027.5,41049.6,41013.4,41013.4,41019.3,0.82673476,34
1702401900,41013.1,41013.1,40953.6,40953.7,40984.0,9.71616772,129
1702401960,40953.6,40960.3,40830.1,40871.3,40912.7,10.19854100,190
1702402020,40911.5,40918.1,40852.8,40903.6,40904.7,17.24427733,49
1702402080,40888.9,40903.6,40882.6,40888.8,40890.0,2.50009129,25
1702402140,40888.9,40910.0,40824.9,40824.9,40876.0,33.73581663,72
1702402200,40855.1,40910.0,40841.3,40910.0,40902.0,13.42800565,41
1702402260,40937.6,40965.7,40907.5,40907.5,40948.9,1.00142551,27
1702402320,40899.1,40930.4,40889.6,40889.6,40921.5,13.66266730,20
1702402380,40888.8,40888.9,40834.4,40834.4,40859.2,0.52403784,19
1702402440,40834.5,40834.5,40805.0,40805.0,40822.1,1.11015682,49
1702402500,40803.3,40823.0,40796.7,40810.6,40803.1,7.27125089,42
1702402560,40821.8,40876.1,40821.2,40876.1,40834.7,1.14927114,16
1702402620,40850.2,40876.9,40815.0,40876.9,40833.6,0.98050696,16
1702402680,40851.3,40900.3,40851.3,40900.3,40877.5,5.43250299,33
1702402740,40907.2,40919.5,40898.3,40898.3,40899.7,3.14442888,19
1702402800,40889.9,40897.6,40862.0,40897.2,40889.4,0.36950220,17
1702402860,40900.0,40900.0,40891.5,40891.5,40897.1,0.19695489,18
1702402920,40891.6,40897.0,40891.6,40897.0,40896.9,0.20964008,16
1702402980,40896.9,40921.1,40896.9,40921.0,40918.1,1.29077464,16
1702403040,40915.6,40915.7,40891.6,40891.6,40911.8,3.10776480,22
1702403100,40891.5,40891.5,40868.1,40884.6,40884.5,3.10070388,36
1702403160,40884.5,40884.6,40815.1,40815.1,40875.8,2.73541397,39
1702403220,40815.1,40822.1,40804.2,40820.6,40818.2,0.68369935,18
1702403280,40819.5,40859.4,40790.5,40811.8,40802.9,14.06985631,74
1702403340,40809.0,40822.1,40762.5,40815.1,40794.3,63.87458311,115
1702403400,40825.8,40846.0,40789.2,40789.2,40827.5,1.30295309,19
1702403460,40791.5,40803.4,40762.4,40762.4,40802.3,2.23541693,16
1702403520,40792.8,40830.4,40791.8,40830.4,40795.7,0.49379065,15
1702403580,40825.9,40835.2,40825.9,40835.2,40833.6,0.02676643,10
1702403640,40835.2,40835.2,40750.1,40753.8,40761.7,1.80632349,35
1702403700,40753.7,40778.6,40713.5,40735.4,40748.8,2.28859402,71
1702403760,40750.2,40793.8,40750.2,40782.7,40785.2,4.31711641,34
1702403820,40767.2,40774.1,40718.9,40718.9,40767.0,6.93668190,28
1702403880,40713.3,40738.9,40700.0,40700.0,40706.3,1.72546684,40
1702403940,40699.3,40699.3,40662.4,40662.4,40669.9,11.90452407,71
1702404000,40662.8,40728.2,40662.4,40712.1,40670.4,5.26553625,45
1702404060,40710.0,40745.5,40683.3,40745.5,40698.9,1.36243938,28
1702404120,40745.5,40763.2,40745.5,40750.6,40746.5,1.27624728,13
1702404180,40780.7,40800.0,40780.7,40800.0,40796.6,0.08978842,13
1702404240,40800.0,40835.2,40800.0,40813.4,40831.2,1.00743875,27
1702404300,40825.7,40835.2,40800.6,40835.2,40824.1,4.08975591,11
1702404360,40835.1,40882.9,40835.1,40882.9,40837.4,5.87844485,26
1702404420,40882.0,40909.4,40875.6,40909.4,40904.9,0.26560962,20
1702404480,40909.4,40999.9,40909.4,40999.9,40965.8,7.22826783,66
1702404540,40996.0,40999.9,40987.9,40999.9,40993.8,0.52374116,16
1702404600,40988.0,41000.0,40985.0,40999.7,40992.4,9.34741768,68
1702404660,40999.8,41017.7,40988.1,41017.7,41010.2,0.70808559,27
1702404720,41017.7,41023.7,41009.6,41015.4,41013.9,10.02977390,25
1702404780,41015.2,41015.6,41015.2,41015.6,41015.4,0.20548535,12
1702404840,41027.9,41099.9,41027.9,41099.8,41066.5,5.06958875,82
1702404900,41099.9,41178.0,41099.9,41178.0,41143.9,2.09940695,108
1702404960,41174.0,41252.0,41158.7,41245.8,41221.4,3.81858669,53
1702405020,41240.4,41279.1,41240.4,41260.1,41259.4,1.53023124,39
1702405080,41260.0,41260.1,41178.5,41187.0,41211.0,0.68332494,23
1702405140,41205.2,41237.0,41193.5,41219.0,41195.9,0.99042248,20
1702405200,41219.0,41296.3,41219.0,41276.2,41286.5,30.51012525,180
1702405260,41280.6,41327.4,41259.9,41259.9,41313.6,32.79951283,68
1702405320,41259.9,41259.9,41239.2,41240.5,41244.5,1.42231479,29
1702405380,41229.6,41261.4,41229.6,41255.7,41255.0,1.45031667,19
1702405440,41248.9,41268.1,41240.5,41243.1,41244.6,0.74137315,32
1702405500,41240.6,41240.6,41234.1,41234.1,41239.7,1.50273955,17
1702405560,41236.6,41261.3,41233.1,41261.0,41252.3,0.22634604,12
1702405620,41255.8,41305.5,41252.2,41305.5,41293.9,2.22667105,23
1702405680,41302.6,41368.5,41300.9,41363.1,41343.8,1.15865562,51
1702405740,41355.2,41367.9,41332.5,41367.8,41359.5,5.49420128,25
1702405800,41363.5,41373.1,41347.4,41364.0,41356.9,0.76673506,36
1702405860,41364.1,41364.1,41302.5,41302.6,41325.6,0.53720399,16
1702405920,41302.5,41302.6,41264.8,41264.8,41270.6,2.92624785,23
1702405980,41253.6,41271.1,41253.2,41253.7,41266.5,0.69134461,13
1702406040,41253.7,41254.0,41237.2,41237.3,41250.6,26.49273069,59
1702406100,41238.6,41241.2,41214.0,41214.0,41223.9,13.87175042,34
1702406160,41215.1,41220.0,41200.0,41200.0,41203.8,5.84423477,20
1702406220,41199.9,41254.0,41193.5,41254.0,41200.3,8.81342085,28
1702406280,41238.4,41254.0,41238.4,41254.0,41251.3,0.16167841,10
1702406340,41254.0,41286.3,41253.9,41286.3,41264.4,0.51224886,23
1702406400,41278.1,41278.1,41252.8,41252.8,41270.8,0.16935406,11
1702406460,41252.8,41252.8,41252.8,41252.8,41252.8,1.13335799,12
1702406520,41252.7,41252.8,41252.7,41252.8,41252.7,0.04144977,8
1702406580,41252.7,41252.8,41240.1,41240.1,41249.6,0.31828939,13
1702406640,41240.1,41240.1,41238.1,41238.1,41239.9,10.15358508,6
1702406700,41238.1,41238.1,41238.0,41238.1,41238.0,0.50858030,14
1702406760,41229.4,41230.5,41202.5,41202.5,41210.8,1.82370042,19
1702406820,41202.5,41224.2,41202.5,41224.2,41208.3,0.01625637,6
1702406880,41224.2,41291.0,41224.2,41290.9,41273.7,0.09656389,24
1702406940,41290.9,41308.9,41290.9,41308.9,41291.9,2.44199959,10
1702407000,41309.0,41309.0,41263.0,41265.7,41290.3,0.59979434,28
1702407060,41265.7,41269.0,41261.5,41265.9,41261.8,1.19258188,18
1702407120,41265.9,41265.9,41265.9,41265.9,41265.9,0.03383411,5
1702407180,41265.9,41265.9,41265.8,41265.8,41265.8,0.03178217,4
1702407240,41265.9,41265.9,41265.8,41265.9,41265.8,1.48508530,11
1702407300,41265.8,41265.8,41249.2,41249.2,41254.5,10.07766105,32
1702407360,41246.1,41256.6,41243.0,41248.6,41249.4,0.63744474,26
1702407420,41248.5,41294.7,41246.9,41293.1,41281.3,1.49387885,21
1702407480,41276.0,41284.1,41253.1,41253.1,41280.9,0.35658880,7
1702407540,41254.3,41254.3,41248.0,41254.3,41253.3,0.16002136,4
1702407600,41254.3,41292.7,41254.2,41272.0,41269.3,1.83083169,15
1702407660,41262.0,41262.0,41243.8,41243.9,41245.8,1.42983914,13
1702407720,41242.4,41250.0,41242.4,41250.0,41243.2,0.06122818,7
1702407780,41250.0,41298.3,41250.0,41274.4,41266.2,1.24619878,18
1702407840,41274.5,41274.5,41274.4,41274.4,41274.4,0.06101350,9
1702407900,41274.4,41274.4,41224.1,41225.0,41236.4,0.04127863,9
1702407960,41224.9,41242.2,41219.2,41219.3,41240.3,0.30131483,10
1702408020,41224.0,41224.0,41223.9,41223.9,41223.9,0.93485229,10
1702408080,41224.0,41224.0,41216.9,41218.1,41223.8,0.61584330,9
1702408140,41218.0,41250.0,41218.0,41250.0,41227.6,0.05386530,14
1702408200,41250.0,41254.9,41250.0,41250.1,41250.0,0.55694271,13
1702408260,41250.0,41253.4,41232.4,41253.4,41235.7,0.30080631,16
1702408320,41249.8,41256.1,41249.3,41249.7,41249.8,0.25844740,19
1702408380,41251.2,41253.8,41251.2,41253.7,41253.7,0.06211247,11
1702408440,41253.7,41256.1,41238.8,41242.4,41244.9,0.57599321,24
1702408500,41242.3,41242.3,41203.1,41203.2,41232.3,0.10004663,17
1702408560,41203.2,41218.6,41203.2,41214.8,41214.9,0.21315819,11
1702408620,41214.8,41228.0,41211.6,41228.0,41214.1,0.71334506,20
1702408680,41203.2,41203.2,41203.1,41203.1,41203.1,0.06322598,7
1702408740,41203.2,41203.2,41159.4,41159.4,41171.6,1.55286609,16
1702408800,41159.4,41174.8,41159.3,41165.9,41163.1,0.29220649,13
1702408860,41167.9,41172.0,41158.0,41158.1,41161.5,0.30109941,19
1702408920,41158.0,41158.0,41076.7,41076.7,41116.1,2.18353621,38
1702408980,41076.7,41076.8,41076.7,41076.8,41076.7,0.04784156,13
1702409040,41076.8,41076.8,41076.7,41076.8,41076.7,1.72127463,12
1702409100,41076.8,41076.8,41050.1,41050.1,41062.3,0.56683446,30
1702409160,41056.5,41059.6,41042.2,41042.2,41049.6,0.82179990,19
1702409220,41042.2,41049.0,41036.0,41036.0,41041.3,1.04970599,28
1702409280,41032.3,41032.4,41024.1,41024.2,41028.6,0.60999231,19
1702409340,41024.2,41024.2,41015.1,41020.4,41015.8,1.26642143,24
1702409400,41015.1,41074.1,41015.1,41054.5,41066.9,2.37963733,13
1702409460,41056.5,41114.1,41054.9,41105.5,41067.1,1.57120081,18
1702409520,41101.3,41128.5,41078.8,41128.5,41088.2,1.57222828,19
1702409580,41128.5,41176.8,41128.5,41176.8,41148.6,20.68455291,53
1702409640,41176.8,41240.9,41176.8,41221.2,41220.4,31.35348203,62
1702409700,41218.6,41243.5,41214.1,41214.1,41230.7,2.18515768,20
1702409760,41225.7,41225.7,41214.0,41214.1,41225.1,0.34922667,11
1702409820,41214.1,41214.1,41176.8,41187.2,41194.7,0.41374654,17
1702409880,41176.8,41176.8,41176.7,41176.8,41176.7,0.10676766,9
1702409940,41176.8,41176.8,41176.7,41176.8,41176.7,0.02364812,5
1702410000,41176.8,41176.8,41176.7,41176.8,41176.7,0.42141577,22
1702410060,41176.8,41176.8,41176.7,41176.7,41176.7,0.09403130,14
1702410120,41176.8,41176.8,41176.7,41176.8,41176.7,0.09397850,19
1702410180,41176.8,41176.8,41176.7,41176.7,41176.7,0.08211099,11
1702410240,41176.8,41176.8,41176.7,41176.7,41176.7,0.00530752,6
1702410300,41176.7,41176.7,41148.2,41148.3,41149.2,1.34443908,12
1702410360,41148.2,41148.2,41116.7,41119.0,41119.5,16.33296385,37
1702410420,41119.0,41119.1,41066.4,41066.4,41110.6,2.81339314,22
1702410480,41066.4,41088.8,41066.4,41081.6,41080.2,13.88114510,44
1702410540,41070.6,41102.0,41070.6,41086.7,41092.1,0.10414334,10
1702410600,41094.1,41107.8,41085.1,41107.8,41087.2,0.81713217,16
1702410660,41107.8,41147.6,41107.8,41146.5,41140.0,2.15735253,14
1702410720,41146.8,41161.9,41143.8,41161.9,41146.3,0.05200125,7
1702410780,41161.9,41227.2,41161.9,41227.2,41201.6,0.37627974,26
1702410840,41220.7,41220.7,41198.8,41198.8,41213.6,1.22481064,11
1702410900,41194.1,41194.1,41180.4,41180.4,41189.6,5.19575949,28
1702410960,41168.7,41168.7,41149.6,41149.6,41164.3,0.83837271,13
1702411020,41147.2,41149.2,41089.2,41089.2,41098.4,0.05713859,13
1702411080,41083.1,41113.4,41081.4,41095.1,41092.7,0.01131774,10
1702411140,41097.3,41112.1,41097.3,41112.1,41106.3,0.05623337,9
1702411200,41113.1,41133.9,41108.9,41133.2,41122.5,0.78842911,22
1702411260,41133.3,41160.0,41133.3,41160.0,41149.9,0.13633318,13
1702411320,41160.0,41167.6,41159.9,41167.6,41160.0,1.43939772,15
1702411380,41179.5,41217.7,41179.5,41217.7,41208.1,0.45309220,23
1702411440,41216.1,41216.1,41209.2,41209.2,41213.1,0.28567799,10
1702411500,41209.1,41209.2,41209.1,41209.2,41209.1,0.10291136,12
1702411560,41209.1,41209.1,41163.2,41163.2,41172.0,5.22475064,19
1702411620,41160.0,41160.0,41159.9,41160.0,41159.9,0.13182697,8
1702411680,41160.0,41195.9,41160.0,41192.4,41188.2,5.15696410,27
1702411740,41186.1,41186.1,41159.9,41160.0,41177.8,0.05546441,22
1702411800,41159.9,41159.9,41133.3,41133.3,41141.7,0.08071222,24
1702411860,41133.3,41133.3,41116.2,41121.7,41122.0,0.28984678,12
1702411920,41121.7,41158.7,41121.7,41151.9,41134.4,0.27913807,20
1702411980,41148.9,41154.1,41148.9,41154.1,41153.5,0.05447365,11
1702412040,41154.0,41154.1,41133.7,41133.7,41135.2,0.13410126,3
1702412100,41133.7,41151.0,41133.7,41138.2,41138.2,0.51747848,7
1702412160,41138.3,41138.3,41138.2,41138.2,41138.2,0.08290191,8
1702412220,41138.2,41138.2,41116.2,41116.2,41132.9,0.52535639,14
1702412280,41116.3,41116.3,41116.2,41116.3,41116.2,0.02219431,3
1702412340,41116.3,41116.3,41100.1,41100.2,41116.1,1.94332560,13
1702412400,41100.0,41100.0,41080.9,41098.1,41085.3,0.64441455,16
1702412460,41100.2,41116.3,41100.2,41116.3,41107.2,0.25938971,11
1702412520,41116.3,41156.3,41116.3,41132.1,41134.8,0.12422638,21
1702412580,41132.1,41132.1,41083.6,41083.6,41109.3,0.17766876,15
1702412640,41083.6,41083.6,41081.8,41081.8,41083.5,0.38830401,7
1702412700,41080.1,41080.1,41080.0,41080.1,41080.0,0.19761600,11
1702412760,41080.0,41080.1,41055.0,41055.0,41069.1,0.14662982,18
1702412820,41055.0,41096.2,41043.3,41096.2,41048.4,0.17120804,16
1702412880,41096.2,41121.5,41096.2,41113.5,41116.9,0.98486850,15
1702412940,41113.6,41140.0,41113.6,41140.0,41139.3,2.10209955,14
1702413000,41121.3,41147.1,41103.4,41103.4,41113.2,0.25810451,17
1702413060,41094.9,41103.4,41094.9,41103.4,41103.1,0.46536108,4
1702413120,41103.4,41103.4,41103.3,41103.4,41103.3,2.56540892,18
1702413180,41103.4,41103.4,41065.7,41070.7,41085.5,2.34770076,28
1702413240,41070.7,41107.7,41070.7,41107.7,41071.1,0.11825732,11
1702413300,41107.7,41143.3,41107.7,41138.1,41129.3,0.37431273,22
1702413360,41148.6,41163.3,41148.6,41163.3,41150.2,0.27848551,14
1702413420,41182.8,41249.3,41182.8,41249.3,41223.7,0.28199564,36
1702413480,41249.3,41263.6,41234.9,41250.6,41240.3,0.37719745,21
1702413540,41250.6,41250.6,41217.0,41227.9,41231.6,0.42580099,19
1702413600,41220.3,41234.2,41213.0,41218.5,41229.0,0.48327240,16
1702413660,41218.4,41218.4,41179.4,41185.3,41196.1,1.04154252,29
1702413720,41185.2,41185.3,41185.2,41185.2,41185.2,0.23989194,17
1702413780,41185.3,41185.3,41134.2,41134.2,41181.6,0.97214098,23
1702413840,41134.2,41134.2,41119.2,41119.3,41132.8,1.15181877,12
1702413900,41119.2,41136.2,41109.4,41129.7,41117.6,2.93093096,38
1702413960,41129.8,41129.8,41116.2,41129.8,41126.9,0.04947177,14
1702414020,41129.7,41154.7,41129.7,41154.6,41144.4,0.24411051,10
1702414080,41154.7,41210.6,41154.7,41210.6,41186.8,0.08822978,15
1702414140,41210.5,41229.0,41210.5,41226.8,41226.3,0.88957067,11
1702414200,41226.8,41226.8,41210.5,41210.5,41226.0,1.77250211,10
1702414260,41210.5,41210.5,41180.1,41180.1,41192.2,0.19165233,19
1702414320,41180.1,41263.3,41180.1,41240.5,41243.9,50.25024582,86
1702414380,41240.5,41240.5,41216.8,41231.1,41224.1,0.49510909,14
1702414440,41253.1,41257.7,41241.7,41244.0,41251.5,1.33476724,16
1702414500,41244.1,41264.4,41244.1,41244.3,41252.4,0.87407844,16
1702414560,41244.1,41259.8,41234.0,41257.9,41245.3,1.74526481,21
1702414620,41257.9,41257.9,41240.6,41240.6,41244.4,0.03906849,18
1702414680,41240.6,41247.8,41240.6,41240.7,41240.7,0.18826135,14
1702414740,41240.7,41240.7,41240.0,41240.6,41240.5,0.96447534,10
1702414800,41220.9,41241.7,41200.6,41215.0,41211.7,1.73946925,29
1702414860,41215.0,41215.0,41190.1,41213.6,41212.0,0.17009545,15
1702414920,41213.6,41247.3,41213.6,41242.4,41242.4,3.09300929,17
1702414980,41242.3,41300.3,41242.3,41299.1,41286.3,4.40313262,43
1702415040,41295.7,41317.0,41295.7,41312.9,41314.3,2.03843245,27
1702415100,41318.9,41331.1,41309.3,41309.3,41321.4,6.32215694,31
1702415160,41303.5,41305.4,41297.7,41297.7,41304.9,0.43560682,13
1702415220,41294.2,41294.2,41292.8,41292.9,41293.2,0.34170989,12
1702415280,41292.9,41292.9,41292.8,41292.9,41292.8,0.24751032,10
1702415340,41292.9,41292.9,41292.8,41292.8,41292.8,1.00188979,4
1702415400,41292.8,41292.8,41276.1,41280.1,41292.6,1.02680275,10
1702415460,41285.2,41285.2,41264.5,41264.5,41282.1,1.28198529,11
1702415520,41269.1,41301.3,41269.1,41298.8,41297.9,0.06115797,18
1702415580,41297.2,41321.6,41297.2,41319.5,41309.6,0.11376417,8
1702415640,41319.6,41329.1,41319.6,41319.6,41328.9,1.33100460,8
1702415700,41319.6,41323.2,41312.2,41312.2,41320.0,10.07100715,21
1702415760,41298.8,41336.3,41298.8,41335.7,41333.6,1.33199394,29
1702415820,41319.1,41319.1,41287.1,41287.7,41293.9,3.42389128,11
1702415880,41281.3,41302.5,41279.2,41281.3,41284.9,0.13717759,13
1702415940,41281.3,41314.4,41281.3,41314.4,41312.3,1.54530522,13
1702416000,41314.3,41314.4,41273.1,41273.2,41284.3,0.81392079,21
1702416060,41273.1,41273.2,41269.1,41269.1,41270.2,0.05090243,7
1702416120,41269.1,41269.1,41256.6,41256.6,41259.8,0.01588611,13
1702416180,41248.9,41248.9,41248.8,41248.9,41248.8,0.10937573,7
1702416240,41248.8,41248.9,41248.8,41248.9,41248.8,0.05493805,12
1702416300,41248.8,41268.9,41248.8,41268.9,41255.4,0.14126620,18
1702416360,41267.2,41273.2,41261.2,41261.2,41268.9,0.09828936,6
1702416420,41259.8,41272.7,41259.8,41272.7,41264.0,0.00148795,2
1702416480,41272.7,41272.8,41266.2,41266.9,41271.7,0.39965678,15
1702416540,41267.0,41267.0,41262.5,41262.6,41263.3,0.02128252,9
1702416600,41260.8,41260.8,41248.8,41248.9,41248.9,0.28315709,16
1702416660,41248.8,41248.9,41248.8,41248.9,41248.8,0.12589001,10
1702416720,41248.9,41248.9,41227.9,41236.0,41232.2,0.34214499,18
1702416780,41234.0,41256.5,41234.0,41256.5,41249.6,0.09443513,11
1702416840,41256.5,41256.5,41244.0,41244.0,41249.3,0.11877616,14
1702416900,41244.0,41244.0,41232.6,41232.7,41233.9,0.21209624,15
1702416960,41232.7,41246.8,41232.7,41246.8,41246.5,1.27960084,20
1702417020,41246.7,41246.8,41246.7,41246.8,41246.7,5.46916904,18
1702417080,41246.8,41246.8,41246.7,41246.8,41246.7,0.46251305,13
1702417140,41246.8,41246.8,41246.7,41246.8,41246.7,0.03896468,7
1702417200,41246.8,41246.8,41246.7,41246.8,41246.7,0.02903992,5
1702417260,41246.8,41246.8,41246.7,41246.8,41246.7,0.04114764,6
1702417320,41246.8,41246.8,41242.4,41246.7,41246.6,1.07098906,22
1702417380,41246.7,41246.8,41242.5,41242.5,41246.7,0.48623411,11
1702417440,41242.5,41242.5,41193.0,41196.5,41199.0,2.14054247,13
1702417500,41190.0,41198.4,41189.0,41189.0,41193.4,0.06004143,15
1702417560,41188.9,41188.9,41156.9,41156.9,41160.8,0.46940702,7
1702417620,41156.9,41156.9,41147.8,41147.8,41155.4,0.32135510,11
1702417680,41147.8,41147.8,41127.4,41127.4,41144.4,0.13763769,18
1702417740,41139.7,41146.3,41133.6,41146.2,41141.9,6.73721109,20
1702417800,41147.6,41168.7,41147.6,41168.6,41165.6,0.20188537,13
1702417860,41165.0,41165.0,41092.9,41098.9,41148.0,0.37797355,32
1702417920,41099.1,41112.9,41027.3,41041.5,41052.6,7.58325260,61
1702417980,41039.3,41068.1,41039.3,41045.5,41046.1,0.07480272,16
1702418040,41045.5,41064.8,41045.5,41054.0,41061.6,0.63510145,11
1702418100,41053.9,41054.0,41053.9,41053.9,41053.9,0.15225904,13
1702418160,41053.9,41089.9,41053.9,41073.1,41054.2,1.93531714,12
1702418220,41066.9,41069.4,41054.0,41069.4,41067.6,0.35687086,14
1702418280,41065.7,41073.0,41065.7,41067.1,41067.6,0.19467716,12
1702418340,41067.1,41080.0,41067.0,41080.0,41068.2,0.10483446,16
1702418400,41080.0,41080.0,41067.1,41079.9,41070.4,0.79769890,24
1702418460,41079.9,41116.3,41079.9,41116.3,41085.1,0.63441573,18
1702418520,41116.3,41127.5,41094.5,41094.5,41109.6,0.08485474,22
1702418580,41086.0,41132.8,41086.0,41132.8,41121.1,0.20734531,18
1702418640,41132.8,41177.6,41132.8,41168.0,41161.2,0.55041434,19
1702418700,41172.3,41181.6,41172.3,41174.2,41177.1,0.08672989,8
1702418760,41171.3,41171.3,41134.3,41134.3,41167.5,2.30343984,19
1702418820,41132.8,41138.1,41127.2,41128.4,41130.5,0.23490872,13
1702418880,41127.3,41132.1,41127.3,41127.9,41127.3,0.60816990,10
1702418940,41127.3,41127.3,41127.2,41127.3,41127.2,0.03625435,9
1702419000,41132.7,41142.1,41122.6,41142.1,41133.2,1.79728476,15
1702419060,41143.5,41143.5,41118.3,41124.1,41123.7,0.34670741,16
1702419120,41114.9,41139.0,41114.9,41138.9,41138.4,0.13270445,8
1702419180,41139.0,41151.6,41138.9,41145.8,41146.2,0.32273262,16
1702419240,41177.7,41180.3,41177.7,41180.3,41178.2,0.08210214,9
1702419300,41173.5,41175.7,41162.8,41175.7,41175.5,10.05539639,25
1702419360,41164.3,41164.3,41143.6,41143.6,41155.7,0.05828849,5
1702419420,41139.0,41139.0,41134.6,41134.6,41135.0,0.08866522,31
1702419480,41134.6,41134.7,41134.6,41134.7,41134.6,0.06571075,18
1702419540,41134.7,41134.7,41134.6,41134.6,41134.6,0.03773780,6
1702419600,41134.7,41134.7,41134.6,41134.7,41134.6,0.32474967,10
1702419660,41134.7,41134.7,41134.7,41134.7,41134.7,0.20340993,4
1702419720,41134.7,41134.7,41134.6,41134.7,41134.6,0.51323594,14
1702419780,41134.7,41134.7,41134.6,41134.6,41134.6,0.02097758,12
1702419840,41134.7,41175.0,41134.6,41174.9,41136.7,1.49380420,35
1702419900,41175.0,41200.0,41174.9,41200.0,41186.5,0.52122093,22
1702419960,41195.1,41200.0,41195.1,41199.9,41196.1,0.08360025,14
1702420020,41200.0,41200.0,41199.9,41199.9,41199.9,0.26683271,4
1702420080,41199.9,41199.9,41199.0,41199.1,41199.0,0.04665024,6
1702420140,41199.0,41199.1,41184.3,41184.4,41198.2,1.07523916,29
1702420200,41184.3,41184.4,41184.3,41184.4,41184.3,0.09869882,24
1702420260,41184.4,41217.2,41184.3,41217.1,41213.4,0.99197612,28
1702420320,41223.1,41223.1,41217.4,41220.5,41222.2,0.09070270,13
1702420380,41217.4,41221.1,41217.4,41221.0,41219.6,0.02549199,7
1702420440,41221.1,41225.0,41221.1,41224.9,41224.6,0.16981959,17
1702420500,41224.9,41243.0,41224.9,41243.0,41232.8,0.30650048,10
1702420560,41243.0,41246.8,41242.9,41246.8,41246.4,0.43755555,21
1702420620,41242.9,41243.0,41242.9,41243.0,41242.9,0.08481095,7
1702420680,41243.0,41243.0,41242.9,41243.0,41242.9,0.11100103,9
1702420740,41242.9,41243.0,41242.9,41243.0,41242.9,0.31971251,7
1702420800,41242.9,41243.0,41233.0,41233.0,41240.7,0.19839560,12
1702420860,41233.1,41233.1,41201.1,41201.1,41209.9,0.16360571,34
1702420920,41201.2,41201.2,41197.6,41197.6,41197.9,0.86873532,23
1702420980,41197.7,41197.7,41193.3,41193.3,41197.0,0.03858741,11
1702421040,41193.3,41193.3,41192.6,41192.6,41192.6,0.47057593,12
1702421100,41192.7,41192.7,41189.8,41189.8,41190.7,0.07000544,13
1702421160,41189.1,41189.1,41185.9,41186.0,41188.6,0.18007312,19
1702421220,41186.0,41186.0,41182.9,41183.0,41184.4,0.20423397,13
1702421280,41183.0,41183.0,41180.4,41180.4,41182.8,0.43621330,9
1702421340,41180.4,41180.4,41178.6,41178.6,41179.6,0.13259786,14
1702421400,41178.6,41178.6,41178.6,41178.6,41178.6,0.05871813,6
1702421460,41178.6,41228.4,41178.6,41228.4,41188.6,0.31277505,31
1702421520,41228.4,41232.9,41228.4,41232.9,41232.7,0.05876929,13
1702421580,41232.8,41233.0,41232.8,41233.0,41232.8,0.02248883,8
1702421640,41232.9,41233.0,41232.9,41232.9,41232.9,0.04806631,9
1702421700,41233.0,41233.0,41232.9,41232.9,41232.9,0.03579611,7
1702421760,41233.0,41246.7,41233.0,41246.7,41245.0,0.11434366,18
1702421820,41246.7,41246.7,41246.5,41246.5,41246.6,0.09482301,6
1702421880,41246.5,41246.5,41239.6,41239.6,41239.9,0.01689434,7
1702421940,41239.6,41239.6,41219.7,41219.8,41235.1,1.26743301,15
1702422000,41219.8,41231.6,41219.6,41231.6,41222.9,0.31540470,16
1702422060,41233.9,41235.1,41233.0,41235.1,41234.3,0.00951002,7
1702422120,41235.2,41235.2,41235.1,41235.2,41235.1,0.02684260,10
1702422180,41235.2,41237.7,41230.1,41237.7,41235.4,0.07289865,12
1702422240,41237.7,41246.5,41237.7,41246.5,41245.0,0.23601228,10
1702422300,41246.5,41246.8,41246.4,41246.5,41246.7,0.64144421,12
1702422360,41246.5,41246.5,41246.4,41246.5,41246.4,0.12193515,8
1702422420,41246.4,41246.8,41246.4,41246.7,41246.6,0.85385296,15
1702422480,41246.8,41246.8,41246.7,41246.8,41246.7,0.58865558,9
1702422540,41246.7,41246.8,41246.7,41246.7,41246.7,0.45815799,13
1702422600,41246.8,41274.3,41246.8,41274.3,41247.0,14.16919672,116
1702422660,41274.2,41274.3,41274.2,41274.3,41274.2,0.83657705,16
1702422720,41274.2,41274.3,41274.2,41274.2,41274.2,0.15389627,13
1702422780,41274.2,41274.3,41274.2,41274.3,41274.2,0.01664021,4
1702422840,41274.2,41274.3,41274.2,41274.2,41274.2,0.14652671,8
1702422900,41274.3,41279.2,41274.2,41279.1,41275.1,0.13866161,14
1702422960,41279.1,41315.0,41279.1,41314.9,41298.9,3.28776335,44
1702423020,41315.0,41340.0,41315.0,41340.0,41330.6,0.24176817,21
1702423080,41340.0,41374.1,41340.0,41374.1,41361.2,0.59585956,35
1702423140,41374.1,41477.8,41374.1,41477.8,41401.5,2.25466474,121
1702423200,41477.8,41500.0,41461.7,41500.0,41479.2,2.61982412,52
1702423260,41493.3,41514.3,41493.2,41514.2,41506.8,1.08071189,37
1702423320,41514.2,41514.2,41475.0,41475.1,41493.0,0.11647669,26
1702423380,41475.0,41475.1,41457.6,41457.6,41468.4,1.18072617,23
1702423440,41457.7,41488.6,41457.7,41488.6,41477.3,0.06377765,18
1702423500,41488.5,41496.0,41488.5,41495.9,41492.9,0.13840633,15
1702423560,41494.1,41517.7,41494.1,41517.7,41511.2,0.35202514,14
1702423620,41513.2,41518.9,41494.0,41494.0,41512.7,3.40413856,29
1702423680,41494.1,41494.1,41494.0,41494.0,41494.0,2.48347462,21
1702423740,41494.1,41494.1,41494.0,41494.1,41494.0,0.30599103,14
1702423800,41494.1,41494.1,41494.0,41494.1,41494.0,0.46431111,8
1702423860,41494.0,41494.1,41466.9,41466.9,41493.9,8.21380879,29
1702423920,41458.7,41470.0,41458.7,41469.9,41467.5,0.29187741,9
1702423980,41469.9,41470.0,41469.9,41469.9,41469.9,0.04751485,8
1702424040,41470.0,41499.9,41469.9,41496.1,41486.4,0.85050736,19
1702424100,41496.0,41525.0,41496.0,41525.0,41523.6,0.09026370,10
1702424160,41525.0,41525.0,41524.9,41525.0,41524.9,0.29695339,12
1702424220,41525.0,41546.4,41525.0,41540.7,41543.5,2.84769655,23
1702424280,41535.6,41545.0,41524.0,41526.6,41533.5,17.36039350,35
1702424340,41524.0,41535.9,41524.0,41526.0,41533.2,7.82739923,16
1702424400,41524.0,41524.1,41524.0,41524.1,41524.0,0.37672478,8
1702424460,41524.1,41524.1,41524.1,41524.1,41524.1,0.10015714,3
1702424520,41524.0,41524.0,41496.1,41496.1,41503.3,0.15319818,11
1702424580,41496.1,41496.1,41496.0,41496.0,41496.0,0.07529559,9
1702424640,41496.1,41510.8,41496.0,41510.8,41505.5,0.12188105,22
1702424700,41510.8,41518.5,41510.8,41514.2,41517.3,10.38498737,20
1702424760,41518.8,41524.1,41508.3,41508.3,41523.8,0.11284184,12
1702424820,41509.5,41509.6,41496.0,41496.1,41506.7,0.47522642,38
1702424880,41496.1,41496.1,41495.5,41495.5,41495.9,0.06828787,5
1702424940,41485.0,41486.4,41485.0,41486.1,41486.0,0.01404126,4
1702425000,41486.1,41510.5,41486.0,41490.9,41495.5,0.05352426,7
1702425060,41493.5,41493.5,41483.9,41485.7,41485.8,0.03348915,9
1702425120,41484.1,41484.1,41484.0,41484.1,41484.0,2.51236476,14
1702425180,41484.1,41484.1,41484.1,41484.1,41484.1,0.10600000,2
1702425240,41484.0,41499.3,41484.0,41499.3,41492.4,0.22406516,14
1702425300,41499.3,41511.4,41499.3,41511.4,41506.4,0.01674992,12
1702425360,41511.4,41511.4,41496.6,41496.6,41504.9,4.33157055,25
1702425420,41484.1,41484.1,41470.0,41470.0,41471.4,0.11762303,4
1702425480,41470.0,41470.0,41469.9,41470.0,41469.9,0.06567494,6
1702425540,41470.0,41470.0,41469.9,41469.9,41469.9,0.02017799,4
1702425600,41470.0,41493.3,41470.0,41470.0,41484.3,0.15855593,15
1702425660,41469.9,41470.0,41457.2,41457.3,41466.3,4.20053560,22
1702425720,41457.3,41457.3,41420.0,41420.1,41440.9,0.45599552,18
1702425780,41420.1,41420.1,41407.6,41412.7,41409.2,0.44575276,40
1702425840,41412.7,41422.3,41407.6,41416.4,41407.6,2.55722968,31
1702425900,41416.5,41416.5,41389.6,41389.6,41396.5,0.39977612,30
1702425960,41389.7,41420.2,41389.7,41409.0,41400.8,0.15541804,16
1702426020,41417.8,41417.8,41417.7,41417.8,41417.7,0.02411263,9
1702426080,41409.1,41409.1,41373.1,41373.2,41393.4,0.38923119,11
1702426140,41373.2,41373.2,41370.0,41370.1,41370.1,1.62580027,18
1702426200,41370.0,41387.9,41370.0,41387.8,41374.2,1.06811061,10
1702426260,41387.9,41387.9,41387.8,41387.9,41387.8,0.11481110,5
1702426320,41387.9,41387.9,41387.8,41387.9,41387.8,0.00905508,4
1702426380,41387.9,41387.9,41387.8,41387.9,41387.8,0.68667013,10
1702426440,41387.9,41395.7,41379.9,41395.6,41384.9,0.40470121,14
1702426500,41383.1,41383.1,41383.0,41383.0,41383.0,0.02115417,4
1702426560,41401.6,41401.6,41370.1,41370.1,41370.6,0.21880482,10
1702426620,41370.0,41370.0,41352.1,41352.1,41369.1,1.11636422,8
1702426680,41340.3,41370.0,41340.3,41370.0,41350.1,4.91972880,19
1702426740,41365.3,41365.3,41354.6,41357.3,41357.4,1.04159045,20
1702426800,41352.8,41352.9,41352.8,41352.8,41352.8,0.09690857,8
1702426860,41352.9,41352.9,41352.9,41352.9,41352.9,0.00989919,3
1702426920,41352.8,41352.9,41333.5,41333.5,41348.4,0.38414850,12
1702426980,41333.6,41333.6,41320.7,41320.7,41329.6,0.17103017,13
1702427040,41320.7,41320.8,41320.7,41320.8,41320.7,0.01856789,4
1702427100,41320.8,41320.8,41308.3,41308.3,41317.8,0.19820848,11
1702427160,41307.9,41308.2,41307.9,41308.2,41308.0,0.52912909,17
1702427220,41308.2,41308.2,41308.1,41308.2,41308.1,0.02112458,15
1702427280,41308.2,41308.2,41308.1,41308.1,41308.1,0.05173429,6
1702427340,41308.1,41336.6,41308.1,41336.6,41308.2,1.30601440,9
1702427400,41336.6,41336.7,41325.1,41325.1,41334.8,0.22906235,13
1702427460,41322.6,41332.6,41312.4,41332.6,41325.8,0.11134811,10
1702427520,41332.6,41349.7,41323.7,41349.7,41329.4,0.02781297,11
1702427580,41343.6,41345.8,41329.0,41345.8,41343.6,0.06626774,11
1702427640,41351.1,41351.1,41346.5,41346.5,41347.3,0.06503323,8
1702427700,41352.8,41352.8,41346.6,41349.6,41348.0,0.01259172,7
1702427760,41348.2,41348.2,41346.5,41346.5,41347.0,0.02671849,9
1702427820,41346.6,41363.8,41346.6,41363.8,41360.7,0.57278444,16
1702427880,41351.1,41354.9,41351.1,41354.9,41353.6,0.00151164,3
1702427940,41358.6,41358.6,41358.5,41358.5,41358.5,0.07110012,10
1702428000,41358.5,41358.6,41358.5,41358.6,41358.5,0.17823507,36
1702428060,41358.6,41370.1,41358.5,41370.1,41358.6,1.46924149,11
1702428120,41370.1,41394.5,41370.0,41394.4,41371.2,0.31011906,12
1702428180,41394.8,41420.0,41394.8,41420.0,41411.4,2.69877181,33
1702428240,41419.9,41420.0,41419.9,41420.0,41419.9,0.12664214,30
1702428300,41457.6,41468.0,41457.6,41466.3,41460.0,0.43129411,20
1702428360,41464.6,41476.1,41452.5,41470.9,41464.6,3.92971629,26
1702428420,41467.9,41467.9,41455.3,41455.3,41466.5,0.03585628,6
1702428480,41453.1,41453.1,41430.0,41430.0,41439.4,0.17585988,12
1702428540,41428.5,41428.5,41418.6,41418.6,41425.6,0.35904301,10
1702428600,41407.9,41407.9,41401.7,41401.8,41403.0,0.02443026,10
1702428660,41401.8,41449.6,41401.8,41449.6,41415.8,0.01749052,6
1702428720,41431.4,41431.4,41431.3,41431.3,41431.3,0.12282560,4
1702428780,41431.4,41442.4,41431.3,41431.4,41434.1,0.10993016,14
1702428840,41431.4,41440.9,41431.4,41432.4,41432.7,2.02638323,11
1702428900,41432.6,41449.8,41432.6,41442.0,41444.0,0.10480315,25
1702428960,41442.6,41446.1,41431.3,41431.3,41431.5,0.12522666,9
1702429020,41431.3,41431.3,41431.3,41431.3,0.0,0.00000000,0
1702429080,41404.6,41404.6,41404.6,41404.6,41404.6,0.25043982,5
1702429140,41392.7,41392.7,41392.7,41392.7,41392.7,1.05035060,23
1702429200,41392.8,41408.6,41391.9,41401.2,41396.0,0.03912647,17
1702429260,41401.3,41406.1,41401.3,41406.1,41406.0,1.03954454,9
1702429320,41406.1,41415.1,41398.2,41415.1,41414.8,0.98027980,11
1702429380,41415.1,41415.1,41413.3,41413.3,41414.2,0.05808446,9
1702429440,41406.2,41406.2,41399.9,41401.3,41402.7,0.12765995,8
1702429500,41398.3,41398.3,41389.4,41389.4,41396.7,0.05448985,9
1702429560,41366.8,41366.8,41358.6,41358.6,41359.9,0.01461308,5
1702429620,41362.5,41375.5,41362.5,41374.5,41371.1,0.03830941,13
1702429680,41383.1,41383.1,41374.4,41374.4,41381.6,0.01169585,4
1702429740,41362.4,41362.5,41362.4,41362.4,41362.4,0.41858341,9
1702429800,41362.5,41362.5,41362.4,41362.4,41362.4,0.53811423,4
1702429860,41362.5,41362.5,41362.4,41362.4,41362.4,0.00545908,3
1702429920,41362.4,41362.5,41362.4,41362.5,41362.4,0.07271266,8
1702429980,41362.5,41362.5,41362.4,41362.5,41362.4,0.03186922,7
1702430040,41362.5,41362.5,41361.4,41361.4,41362.3,0.91421088,17
1702430100,41361.4,41361.4,41330.0,41330.0,41349.7,0.02193112,8
1702430160,41330.0,41330.0,41313.3,41313.3,41319.5,0.11985789,3
1702430220,41308.1,41308.1,41254.5,41255.0,41269.6,34.87884317,95
1702430280,41255.0,41255.0,41254.9,41255.0,41254.9,0.14807637,15
1702430340,41255.0,41255.0,41254.9,41255.0,41254.9,0.11887559,7
1702430400,41254.6,41254.6,41186.1,41186.1,41236.2,2.84056933,64
1702430460,41186.2,41186.2,41175.0,41175.1,41180.1,0.30027325,28
1702430520,41175.0,41175.1,41175.0,41175.0,41175.0,0.31444008,14
1702430580,41175.1,41175.1,41175.0,41175.1,41175.0,0.15676300,10
1702430640,41174.2,41185.6,41174.2,41180.4,41180.5,1.86386820,11
1702430700,41180.4,41180.4,41148.1,41148.1,41152.8,2.72391130,41
1702430760,41148.1,41148.1,41081.6,41081.6,41122.1,3.56442794,80
1702430820,41076.7,41097.6,41053.4,41097.6,41060.3,1.03607588,35
1702430880,41061.0,41061.1,41059.9,41060.0,41060.7,0.13499352,12
1702430940,41064.9,41064.9,40932.0,41002.2,40981.9,26.60129775,262
1702431000,41004.1,41043.1,40984.6,40998.1,41000.8,0.70277973,26
1702431060,41013.7,41078.9,41013.7,41078.9,41040.8,0.17581831,13
1702431120,41079.0,41104.4,41079.0,41096.8,41100.6,2.74860438,20
1702431180,41096.8,41157.9,41096.8,41151.5,41123.3,0.48824058,25
1702431240,41151.5,41158.0,41151.5,41158.0,41157.8,0.04901470,5
1702431300,41157.9,41158.0,41151.4,41151.4,41157.8,0.01834366,15
1702431360,41097.9,41105.1,41052.5,41052.5,41089.8,1.57891618,17
1702431420,41048.8,41083.8,41048.7,41083.8,41048.7,0.41975210,5
1702431480,41084.0,41103.2,41084.0,41102.8,41089.6,0.23079585,15
1702431540,41087.2,41092.7,41087.2,41092.7,41090.6,0.03060744,9
1702431600,41091.3,41091.3,41066.2,41083.7,41071.9,0.05718398,14
1702431660,41092.0,41133.7,41092.0,41112.5,41122.7,0.04022583,10
1702431720,41114.6,41146.4,41114.6,41133.2,41131.4,0.12400115,10
1702431780,41133.2,41133.2,41101.4,41101.4,41120.5,0.64159097,28
1702431840,41101.4,41124.7,41100.2,41124.7,41108.2,0.08623040,14
1702431900,41124.8,41133.2,41095.3,41095.3,41108.1,0.05050448,7
1702431960,41095.3,41127.0,41095.3,41107.0,41108.5,2.14929503,17
1702432020,41101.7,41119.4,41091.9,41091.9,41093.6,0.29777405,11
1702432080,41047.4,41062.3,41029.1,41029.2,41047.4,0.73058334,23
1702432140,41032.0,41038.3,41003.2,41033.6,41036.8,1.08479738,18
1702432200,41029.3,41045.0,41009.4,41045.0,41030.2,4.05546056,17
1702432260,41045.0,41084.8,41045.0,41045.2,41045.6,0.26174665,10
1702432320,41045.3,41059.9,41045.3,41056.0,41054.0,0.12640537,12
1702432380,41053.6,41090.8,41053.6,41081.2,41056.7,1.59941538,25
1702432440,41081.3,41084.8,41072.0,41078.0,41080.8,0.03483162,12
1702432500,41078.0,41105.5,41078.0,41105.5,41099.8,0.19081627,8
1702432560,41115.4,41141.0,41115.4,41126.2,41131.0,0.06129070,14
1702432620,41125.7,41125.7,41078.0,41078.0,41109.0,0.06551992,20
1702432680,41075.5,41087.3,41074.5,41074.5,41077.9,0.02150506,9
1702432740,41074.5,41074.5,41031.4,41031.4,41056.2,0.09713656,20
1702432800,41031.4,41059.0,41014.5,41050.4,41042.4,0.18577429,39
1702432860,41049.7,41079.8,41049.7,41079.7,41071.1,0.09709968,19
1702432920,41079.8,41079.8,41079.7,41079.8,41079.7,0.11327843,9
1702432980,41079.8,41079.8,41079.7,41079.8,41079.7,0.08974154,6
1702433040,41079.8,41118.1,41079.8,41118.0,41080.0,10.40344130,50
1702433100,41118.1,41131.8,41112.9,41112.9,41114.5,0.05246273,6
1702433160,41123.7,41123.7,41095.8,41095.8,41113.6,0.30922721,13
1702433220,41095.9,41101.5,41079.8,41079.8,41094.5,1.69610530,21
1702433280,41079.8,41079.8,41079.7,41079.8,41079.7,0.67230984,10
1702433340,41079.8,41079.8,41054.0,41054.0,41073.1,0.14830997,21
1702433400,41054.0,41054.0,40999.0,40999.0,41020.2,0.17734798,27
1702433460,40999.1,40999.1,40911.5,40911.6,40946.3,1.54950152,91
1702433520,40911.6,40911.6,40892.5,40905.1,40904.1,2.13530369,59
1702433580,40905.2,40914.5,40896.2,40896.2,40905.1,0.87129842,9
1702433640,40900.1,40943.8,40900.1,40943.7,40928.1,1.37849966,23
1702433700,40943.7,40953.9,40929.8,40943.2,40943.6,3.92599880,37
1702433760,40946.7,40965.0,40946.5,40946.5,40964.6,0.09479625,8
1702433820,40946.5,40965.0,40946.5,40965.0,40947.7,1.15389613,14
1702433880,40965.0,40965.0,40958.6,40958.6,40960.5,0.01719228,3
1702433940,40954.0,40965.0,40954.0,40964.9,40959.8,8.00866613,11
1702434000,40965.0,40965.0,40850.8,40854.2,40888.4,1.18692087,67
1702434060,40854.3,40888.0,40854.3,40883.9,40870.4,0.19265624,34
1702434120,40883.9,40883.9,40840.9,40855.3,40853.0,7.30639558,19
1702434180,40855.3,40855.3,40854.4,40854.5,40855.1,0.03369568,11
1702434240,40857.8,40860.0,40800.8,40800.8,40816.5,2.96752881,52
1702434300,40800.3,40842.2,40800.3,40841.1,40805.2,2.34259177,20
1702434360,40841.1,40842.2,40773.4,40773.4,40786.5,1.52554480,45
1702434420,40787.2,40787.2,40752.6,40752.6,40769.8,0.59308266,29
1702434480,40752.7,40786.6,40606.6,40786.5,40684.2,12.54300622,212
1702434540,40786.6,40853.2,40786.5,40851.6,40818.0,0.14948783,21
1702434600,40860.7,40873.7,40844.9,40845.0,40851.5,1.00487353,30
1702434660,40844.9,40845.0,40792.0,40845.0,40844.8,1.98158075,20
1702434720,40844.9,40894.7,40844.9,40894.7,40846.1,10.07624783,44
1702434780,40890.6,40894.7,40890.6,40894.7,40892.6,0.15275696,11
1702434840,40894.7,40894.7,40894.6,40894.7,40894.6,1.21664487,12
1702434900,40899.6,40899.6,40894.6,40899.6,40896.8,0.01297398,7
1702434960,40899.6,40899.6,40879.4,40879.4,40896.1,12.53137829,40
1702435020,40879.4,40899.9,40879.4,40899.8,40899.2,0.02911293,10
1702435080,40899.9,40933.9,40899.8,40933.9,40906.2,0.39335019,23
1702435140,40934.0,40937.7,40934.0,40937.7,40934.9,0.03114821,8
1702435200,40937.7,40948.7,40937.7,40937.8,40940.3,0.10827547,18
1702435260,40937.8,40948.7,40937.8,40948.7,40940.8,0.00423683,3
1702435320,40948.7,40978.2,40948.7,40978.2,40954.2,0.41179679,17
1702435380,40978.2,40999.8,40978.2,40999.8,40985.6,0.33831214,22
1702435440,40999.8,41012.6,40999.8,41012.6,41004.0,2.59933592,24
1702435500,41012.6,41015.0,41012.6,41015.0,41014.9,0.42387811,14
1702435560,41015.0,41015.0,40997.9,40998.0,41007.5,0.70592764,21
1702435620,40998.0,40998.0,40998.0,40998.0,40998.0,0.00554393,2
1702435680,40998.0,40998.0,40964.8,40964.8,40974.9,1.67263561,34
1702435740,40964.8,40964.9,40952.1,40952.1,40954.6,0.61995281,22
1702435800,40957.9,40957.9,40957.9,40957.9,40957.9,0.00203300,3
1702435860,40974.6,40981.8,40974.6,40981.7,40981.7,0.25361473,6
1702435920,40981.8,40981.8,40981.8,40981.8,40981.8,0.00539052,2
1702435980,40981.8,40981.8,40981.7,40981.7,40981.7,0.04291139,7
1702436040,40981.8,40981.8,40977.6,40977.6,40981.7,1.67064399,12
1702436100,40958.0,40966.7,40958.0,40960.1,40962.5,0.01241129,7
1702436160,40981.8,40981.8,40981.7,40981.8,40981.7,0.03999950,8
1702436220,40981.8,40981.8,40981.7,40981.7,40981.7,0.05612425,3
1702436280,40981.8,40981.8,40981.7,40981.7,40981.7,0.04379972,12
1702436340,40981.8,40981.8,40981.7,40981.8,40981.7,0.02674489,8
1702436400,40981.7,40981.8,40981.7,40981.7,40981.7,0.05188086,3
1702436460,40981.8,40981.8,40981.7,40981.7,40981.7,0.45386689,24
1702436520,40981.8,40981.8,40974.5,40974.5,40980.9,0.56344398,12
1702436580,40974.4,40974.4,40925.9,40930.3,40929.0,10.30803022,24
1702436640,40930.4,40949.3,40930.4,40949.3,40949.1,1.00908631,6
1702436700,40973.5,40981.7,40972.4,40981.7,40981.5,0.51336099,12
1702436760,40981.7,41000.1,40981.7,41000.0,40990.4,0.97815084,22
1702436820,41000.1,41014.8,40996.8,41000.2,41006.3,0.47201720,22
1702436880,41002.2,41017.6,41002.2,41017.6,41014.7,0.09476895,30
1702436940,41017.6,41022.5,41017.6,41022.5,41018.9,0.02946460,5
1702437000,41014.5,41014.5,41000.1,41000.1,41000.4,0.09956333,9
1702437060,41000.1,41000.1,40960.8,40960.8,40998.1,0.12384894,6
1702437120,40952.7,40955.7,40942.2,40951.9,40948.0,4.10266310,26
1702437180,40958.2,40958.3,40958.2,40958.3,40958.2,0.01090787,4
1702437240,40951.9,40951.9,40951.9,40951.9,40951.9,0.27131703,5
1702437300,40951.8,40951.9,40951.8,40951.9,40951.8,0.03785504,5
1702437360,40951.9,40951.9,40951.8,40951.8,40951.8,0.01749995,5
1702437420,40951.9,40951.9,40951.9,40951.9,40951.9,0.01496231,4
1702437480,40951.9,40951.9,40951.8,40951.9,40951.8,2.28394400,7
1702437540,40951.9,40951.9,40950.0,40950.0,40951.7,16.38555358,13
1702437600,40944.8,40944.8,40925.4,40925.4,40939.8,0.14386617,18
1702437660,40925.5,40943.1,40925.4,40943.1,40937.0,0.08096306,6
1702437720,40943.0,40943.0,40943.0,40943.0,40943.0,0.06509755,17
1702437780,40942.7,40942.7,40878.2,40878.2,40905.8,0.06936510,17
1702437840,40875.5,40875.5,40861.5,40861.5,40861.6,1.10153940,10
1702437900,40855.0,40861.2,40855.0,40858.6,40858.3,0.53845244,16
1702437960,40858.6,40858.6,40816.6,40846.6,40853.2,0.71925326,24
1702438020,40830.4,40849.0,40830.3,40849.0,40830.8,0.26540277,7
1702438080,40849.0,40849.0,40849.0,40849.0,0.0,0.00000000,0
