time,open,high,low,close,vwap,volume,count,sma
1701182160,37406.1,37406.1,37405.0,37405.0,37405.0,0.19669753,13,
1701182220,37399.0,37399.1,37384.2,37385.0,37390.4,0.36498661,22,
1701182280,37384.9,37405.1,37384.9,37405.1,37403.5,0.05496751,10,
1701182340,37405.1,37427.9,37405.1,37427.9,37413.2,1.09342087,18,
1701182400,37427.9,37435.4,37427.8,37435.4,37428.1,0.87047085,22,
1701182460,37435.2,37435.5,37435.2,37435.5,37435.3,0.0273921,6,
1701182520,37435.3,37435.3,37435.2,37435.3,37435.2,2.19464539,20,
1701182580,37435.3,37436.9,37435.3,37436.9,37435.5,0.55606456,12,
1701182640,37436.8,37436.8,37435.2,37435.3,37435.3,0.08461434,12,
1701182700,37435.2,37435.3,37435.2,37435.3,37435.2,0.2996713,9,
1701182760,37435.3,37435.3,37435.3,37435.3,37435.3,0.00163609,2,
1701182820,37435.3,37435.3,37435.2,37435.2,37435.2,0.13505622,12,
1701182880,37435.3,37435.3,37435.2,37435.3,37435.2,0.11566609,6,
1701182940,37435.3,37435.3,37435.2,37435.3,37435.2,0.2297448,8,
1701183000,37435.3,37435.3,37435.2,37435.3,37435.2,0.2125763,13,
1701183060,37435.2,37435.3,37435.2,37435.2,37435.2,0.57033759,12,
1701183120,37435.2,37435.3,37435.2,37435.3,37435.2,0.37182431,10,
1701183180,37435.3,37435.3,37435.3,37435.3,37435.3,0.22257741,5,
1701183240,37435.3,37435.3,37435.2,37435.2,37435.2,1.10505902,11,
1701183300,37435.2,37435.3,37434.0,37434.0,37434.7,0.50158966,16,37429.405
1701183360,37427.9,37427.9,37413.1,37413.2,37417.1,0.2292642,12,37429.815
1701183420,37413.1,37413.2,37397.4,37397.4,37398.8,0.45470488,18,37430.435000000005
1701183480,37397.5,37398.2,37397.4,37398.2,37397.7,0.08986977,8,37430.090000000004
1701183540,37403.1,37403.1,37398.2,37398.2,37401.1,0.05989668,9,37428.604999999996
1701183600,37398.2,37398.2,37398.2,37398.2,37398.2,0.006863,8,37426.745
1701183660,37398.2,37398.2,37398.2,37398.2,37398.2,0.00704636,4,37424.88
1701183720,37398.2,37398.2,37398.1,37398.1,37398.1,0.09295692,8,37423.020000000004
1701183780,37398.2,37398.2,37398.1,37398.1,37398.1,0.05306858,4,37421.08
1701183840,37398.2,37435.3,37398.2,37435.3,37412.9,0.48996771,21,37421.08
1701183900,37435.2,37435.3,37435.2,37435.3,37435.2,3.60615669,22,37421.08
1701183960,37435.2,37435.3,37435.2,37435.2,37435.2,0.26989148,10,37421.075
1701184020,37435.2,37435.3,37435.2,37435.3,37435.2,0.39398221,11,37421.08
1701184080,37435.3,37435.3,37435.2,37435.3,37435.2,0.21227912,12,37421.08
1701184140,37435.3,37435.3,37435.3,37435.3,37435.3,0.05042708,3,37421.08
1701184200,37435.3,37435.3,37435.2,37435.3,37435.2,0.54245258,13,37421.08
1701184260,37435.2,37435.3,37426.9,37426.9,37435.2,1.11903451,24,37420.66499999999
1701184320,37413.7,37427.7,37413.4,37413.7,37415.6,0.28345397,17,37419.58500000001
1701184380,37413.7,37413.7,37398.1,37398.8,37400.0,5.53830006,36,37417.759999999995
1701184440,37413.3,37413.3,37413.2,37413.2,37413.2,0.15859715,13,37416.66
1701184500,37413.2,37426.8,37413.2,37422.3,37415.4,0.06226778,8,37416.075
1701184560,37422.4,37424.8,37422.4,37424.5,37424.4,0.51811615,9,37416.64
1701184620,37424.5,37435.3,37424.5,37435.3,37433.6,0.48799254,22,37418.534999999996
1701184680,37435.2,37435.3,37435.2,37435.3,37435.2,0.2646541,5,37420.39
1701184740,37435.2,37435.3,37435.2,37435.3,37435.2,0.09464035,11,37422.245
1701184800,37436.8,37442.7,37436.8,37442.7,37440.8,1.06118054,19,37424.47
1701184860,37442.7,37442.7,37442.6,37442.7,37442.6,0.22353921,6,37426.695
1701184920,37442.7,37449.0,37442.6,37449.0,37444.7,0.33517664,14,37429.240000000005
1701184980,37448.9,37449.0,37448.9,37448.9,37448.9,0.15064649,6,37431.780000000006
1701185040,37448.9,37449.0,37448.9,37449.0,37448.9,0.25889894,16,37432.465000000004
1701185100,37449.0,37449.0,37449.0,37449.0,37449.0,0.04385051,5,37433.15
1701185160,37449.0,37449.0,37448.9,37449.0,37448.9,0.62883484,10,37433.840000000004
1701185220,37449.0,37449.0,37448.9,37449.0,37448.9,0.50607023,8,37434.525
1701185280,37449.0,37449.0,37400.2,37400.2,37434.1,1.57885549,41,37432.770000000004
1701185340,37398.1,37398.2,37398.1,37398.2,37398.1,0.3115931,17,37430.915
1701185400,37398.2,37398.2,37381.1,37383.3,37391.3,5.58819285,20,37428.314999999995
1701185460,37383.2,37383.2,37370.9,37371.0,37377.7,0.77173407,14,37425.520000000004
1701185520,37370.9,37371.0,37366.6,37366.6,37370.7,1.04750378,20,37423.16499999999
1701185580,37366.6,37366.6,37366.5,37366.6,37366.5,0.3410213,15,37421.55500000001
1701185640,37366.5,37377.0,37366.5,37377.0,37372.2,0.23819463,14,37419.745
1701185700,37377.0,37382.2,37376.9,37382.2,37378.7,0.11330925,12,37417.740000000005
1701185760,37382.2,37382.2,37376.9,37377.0,37377.2,0.08915514,12,37415.365000000005
1701185820,37376.9,37377.0,37362.4,37362.4,37374.0,0.30238917,21,37411.72
1701185880,37362.3,37362.3,37345.6,37345.7,37346.0,0.85197116,20,37407.24
1701185940,37345.7,37361.1,37345.7,37361.1,37359.1,0.01435766,3,37403.53
1701186000,37360.6,37375.1,37360.6,37375.1,37366.6,0.65763292,14,37400.15
1701186060,37375.0,37390.6,37375.0,37390.6,37383.9,1.0638126,19,37397.545
1701186120,37397.1,37488.7,37397.1,37488.7,37443.4,2.82670068,69,37399.53
1701186180,37489.9,37543.0,37489.9,37542.9,37507.8,11.76744076,147,37404.229999999996
1701186240,37520.0,37527.3,37511.4,37525.9,37525.4,0.31211451,23,37408.075
1701186300,37525.8,37525.8,37484.3,37484.3,37486.1,1.94226794,32,37409.84
1701186360,37484.4,37530.6,37484.4,37527.2,37488.2,1.16564909,18,37413.75
1701186420,37527.2,37527.3,37480.4,37480.9,37488.2,1.2426625,19,37415.344999999994
1701186480,37480.8,37480.8,37453.4,37470.5,37470.6,0.39760026,15,37418.86
1701186540,37471.4,37535.4,37471.4,37535.4,37504.9,1.51034995,21,37425.719999999994
1701186600,37533.6,37549.7,37533.6,37549.6,37539.6,4.58235576,38,37434.034999999996
1701186660,37549.6,37549.7,37549.6,37549.6,37549.6,0.59687675,17,37442.965000000004
1701186720,37549.7,37549.7,37499.9,37500.0,37513.8,12.42688669,46,37449.635
1701186780,37500.0,37500.0,37499.9,37499.9,37499.9,0.17406979,11,37456.3
1701186840,37495.0,37500.0,37494.6,37494.7,37494.9,0.53667372,6,37462.185
1701186900,37500.0,37500.0,37475.0,37475.0,37498.5,4.34578861,18,37466.825
1701186960,37475.0,37500.0,37475.0,37500.0,37499.2,1.11502725,9,37472.975
1701187020,37500.0,37517.9,37500.0,37517.9,37500.2,1.18254832,10,37480.75
1701187080,37532.3,37534.4,37532.3,37534.4,37532.4,0.0158865,2,37490.185
1701187140,37534.4,37534.4,37534.3,37534.3,37534.3,0.20488749,15,37498.845
1701187200,37534.4,37549.4,37534.3,37548.8,37541.4,5.16927018,60,37507.530000000006
1701187260,37549.3,37577.4,37549.3,37577.4,37554.0,9.77985569,49,37516.87
1701187320,37577.3,37595.6,37577.3,37595.1,37591.5,29.52631112,150,37522.19
1701187380,37595.0,37599.0,37595.0,37599.0,37595.1,1.74160542,24,37524.995
1701187440,37599.0,37599.7,37599.0,37599.7,37599.6,3.66770421,21,37528.685
1701187500,37599.9,37613.0,37599.9,37613.0,37600.0,3.11180334,40,37535.12
1701187560,37612.9,37616.2,37612.9,37616.1,37614.3,1.12259201,19,37539.564999999995
1701187620,37616.1,37616.2,37611.0,37616.0,37615.6,3.77051034,35,37546.31999999999
1701187680,37616.1,37617.0,37616.0,37617.0,37616.2,0.40476591,22,37553.645
1701187740,37617.0,37649.9,37617.0,37642.9,37627.8,5.85767126,49,37559.020000000004
1701187800,37649.9,37656.7,37617.0,37617.0,37652.1,8.66754538,52,37562.39
1701187860,37617.0,37617.1,37584.8,37584.8,37608.0,0.98091237,29,37564.15
1701187920,37584.9,37584.9,37567.0,37567.1,37578.0,0.29774099,12,37567.505
1701187980,37567.1,37567.1,37567.0,37567.1,37567.0,1.73966739,12,37570.865
1701188040,37567.1,37567.1,37567.0,37567.0,37567.0,16.16856703,31,37574.479999999996
1701188100,37567.1,37599.0,37567.1,37599.0,37586.2,0.40195326,11,37580.68
1701188160,37599.0,37637.0,37598.9,37637.0,37621.2,1.31446537,27,37587.53
1701188220,37637.0,37656.7,37637.0,37656.7,37656.2,11.92500487,37,37594.469999999994
1701188280,37656.7,37675.8,37656.6,37674.6,37674.2,1.10352279,27,37601.48
1701188340,37674.7,37675.6,37674.6,37675.6,37674.7,9.53834521,20,37608.545
1701188400,37676.4,37677.0,37674.6,37674.7,37674.6,2.10758588,25,37614.84
1701188460,37674.7,37676.6,37674.7,37674.7,37674.7,1.81535525,13,37619.705
1701188520,37674.6,37674.6,37615.5,37632.9,37663.4,5.31048116,34,37621.594999999994
1701188580,37628.0,37628.0,37582.4,37589.1,37614.1,1.37018803,22,37621.1
1701188640,37600.0,37600.0,37591.9,37593.9,37597.2,3.09339082,22,37620.81
1701188700,37593.9,37600.0,37593.8,37600.0,37597.8,0.70583555,10,37620.159999999996
1701188760,37600.0,37600.0,37599.9,37600.0,37599.9,0.71291092,11,37619.354999999996
1701188820,37600.0,37600.0,37599.9,37600.0,37599.9,0.14477293,13,37618.555
1701188880,37600.0,37610.1,37599.9,37610.0,37602.1,28.65127857,42,37618.205
1701188940,37610.0,37616.0,37610.0,37616.0,37610.0,0.26562882,19,37616.86
1701189000,37616.1,37634.7,37616.0,37634.7,37627.4,0.58298274,20,37617.745
1701189060,37634.7,37652.7,37634.7,37652.7,37644.6,0.63658869,6,37621.14
1701189120,37652.7,37700.1,37652.7,37700.0,37692.1,59.8961918,104,37627.784999999996
1701189180,37700.1,37700.1,37700.0,37700.0,37700.0,42.88941293,27,37634.43
1701189240,37700.1,37700.1,37700.0,37700.0,37700.0,3.26637532,59,37641.08
1701189300,37700.1,37700.1,37700.0,37700.1,37700.0,2.11787292,16,37646.134999999995
1701189360,37700.1,37717.8,37700.0,37717.6,37710.5,2.31439519,38,37650.165
1701189420,37717.7,37725.0,37716.1,37721.6,37722.8,3.3108231,24,37653.41
1701189480,37725.0,37725.0,37721.5,37721.6,37721.6,0.22080659,20,37655.759999999995
1701189540,37721.6,37726.5,37721.6,37726.5,37723.8,0.53220217,21,37658.305
1701189600,37726.5,37751.9,37726.5,37750.1,37741.7,42.48424155,136,37662.075
1701189660,37750.1,37750.1,37741.9,37749.9,37749.7,20.73523449,62,37665.835
1701189720,37750.1,37756.1,37750.0,37753.9,37753.6,1.27082886,26,37671.885
1701189780,37753.9,37883.5,37753.8,37827.8,37831.6,29.87873715,268,37683.81999999999
1701189840,37836.4,37860.1,37793.7,37798.1,37821.2,11.43462361,69,37694.030000000006
1701189900,37814.0,37843.5,37804.2,37826.1,37819.6,4.27013982,29,37705.33500000001
1701189960,37826.1,37865.7,37826.1,37860.6,37859.8,9.25481047,29,37718.365000000005
1701190020,37855.7,37858.0,37845.5,37845.5,37856.1,4.42230506,29,37730.64
1701190080,37845.6,37845.6,37835.9,37843.1,37841.3,0.45639517,19,37742.295
1701190140,37843.1,37868.0,37843.1,37865.7,37863.8,9.30921874,35,37754.780000000006
1701190200,37865.8,37901.0,37865.8,37900.1,37898.3,14.95875131,55,37768.05
1701190260,37900.0,37910.0,37900.0,37909.9,37902.0,11.48103524,58,37780.909999999996
1701190320,37909.9,37928.9,37903.4,37928.9,37920.0,7.4531431,53,37792.354999999996
1701190380,37928.9,37928.9,37927.5,37927.5,37927.6,11.48463631,43,37803.729999999996
1701190440,37914.1,37914.1,37858.9,37858.9,37882.9,11.14207557,60,37811.675
1701190500,37850.0,37859.0,37850.0,37859.0,37850.0,15.51997094,54,37819.62
1701190560,37859.0,37859.0,37858.9,37858.9,37858.9,0.53452754,16,37826.685
1701190620,37851.9,37851.9,37851.8,37851.9,37851.8,0.13423068,13,37833.2
1701190680,37851.8,37851.9,37851.8,37851.8,37851.8,2.64225088,30,37839.71
1701190740,37851.9,37889.9,37851.8,37889.8,37873.5,4.86947221,18,37847.875
1701190800,37889.8,37900.0,37889.8,37900.0,37894.9,6.36749035,29,37855.37
1701190860,37900.0,37918.5,37899.9,37918.4,37914.6,1.11298029,34,37863.795
1701190920,37918.4,37937.0,37918.4,37936.9,37919.3,2.17500735,38,37872.945
1701190980,37937.0,37940.0,37910.1,37910.1,37922.1,1.53321139,39,37877.060000000005
1701191040,37924.2,37924.3,37924.2,37924.3,37924.2,7.17990704,41,37883.369999999995
1701191100,37924.3,37924.3,37851.0,37851.0,37899.4,8.19087659,56,37884.615
1701191160,37853.1,37853.2,37811.8,37813.7,37828.0,2.04107966,40,37882.270000000004
1701191220,37813.7,37821.1,37801.1,37803.7,37804.3,12.82383021,63,37880.18
1701191280,37803.6,37803.7,37803.6,37803.7,37803.6,0.49223883,37,37878.21000000001
1701191340,37803.7,37830.0,37803.7,37830.0,37821.9,0.91189693,13,37876.425
1701191400,37830.0,37871.3,37829.9,37871.3,37858.6,0.5030602,18,37874.985
1701191460,37882.0,37896.3,37882.0,37896.3,37886.6,0.43975718,22,37874.30500000001
1701191520,37896.3,37935.0,37896.3,37935.0,37923.9,3.37661511,47,37874.61
1701191580,37935.0,37940.0,37935.0,37940.0,37935.8,9.77047111,33,37875.235
1701191640,37940.6,37941.0,37940.6,37941.0,37940.6,0.88325875,13,37879.340000000004
1701191700,37941.0,37975.0,37940.9,37975.0,37950.0,3.28978965,51,37885.14
1701191760,37975.0,37989.9,37975.0,37975.7,37984.5,3.31459474,73,37890.979999999996
1701191820,37975.4,37982.1,37975.3,37975.4,37976.1,5.29051904,68,37897.155
1701191880,37975.4,37977.7,37974.9,37977.7,37975.3,3.26234405,38,37903.45
1701191940,37984.1,38000.0,37984.0,37999.9,37998.4,28.25520336,91,37908.955
1701192000,38000.0,38100.8,38000.0,38091.4,38077.7,46.33633707,233,37918.525
1701192060,38090.5,38149.9,38089.7,38125.9,38119.9,15.31832484,168,37928.9
1701192120,38125.9,38200.0,38121.9,38182.9,38167.7,25.94568955,142,37941.2
1701192180,38182.8,38182.8,38113.7,38162.4,38132.8,30.3855311,109,37953.814999999995
1701192240,38183.8,38203.2,38183.8,38203.2,38197.7,20.64462761,83,37967.76
1701192300,38201.3,38207.7,38183.7,38183.8,38203.6,6.50195578,87,37984.4
1701192360,38183.7,38183.8,38149.8,38149.8,38169.1,10.48892706,54,38001.205
1701192420,38149.8,38171.6,38117.3,38117.3,38151.8,3.61788189,49,38016.885
1701192480,38117.3,38117.4,38089.4,38093.8,38098.1,1.99086464,35,38031.39
1701192540,38089.0,38089.0,38048.6,38059.1,38062.0,7.08708329,47,38042.844999999994
1701192600,38059.1,38171.5,38059.1,38170.5,38114.5,32.98622438,126,38057.80500000001
1701192660,38171.6,38180.0,38171.6,38180.0,38179.9,1.44360038,58,38071.990000000005
1701192720,38180.0,38180.0,38179.9,38180.0,38179.9,0.61675949,16,38084.240000000005
1701192780,38180.0,38180.0,38129.3,38129.3,38130.7,10.00974311,56,38093.705
1701192840,38129.3,38129.4,38099.9,38100.0,38107.0,21.18827653,41,38101.655
1701192900,38100.0,38180.0,38100.0,38179.9,38111.0,13.56324835,47,38111.9
1701192960,38180.0,38180.0,38179.9,38179.9,38179.9,1.61727954,33,38122.11
1701193020,38179.8,38179.9,38165.1,38168.5,38178.4,0.84204546,28,38131.765
1701193080,38168.5,38179.9,38168.5,38179.8,38174.7,2.28118501,34,38141.87
1701193140,38179.8,38179.8,38116.2,38116.2,38129.8,0.68509171,46,38147.685000000005
1701193200,38116.3,38133.5,38116.2,38126.1,38120.4,3.96999407,61,38149.42
1701193260,38130.0,38211.4,38129.9,38211.4,38191.4,4.77252777,76,38153.695
1701193320,38211.4,38230.2,38211.3,38215.1,38215.0,15.52893225,141,38155.305
1701193380,38215.0,38215.1,38215.0,38215.0,38215.0,0.17377277,14,38157.935000000005
1701193440,38215.0,38215.0,38202.9,38208.1,38209.7,1.82650825,43,38158.18
1701193500,38208.1,38234.8,38202.9,38202.9,38221.1,4.74993149,82,38159.135
1701193560,38202.9,38234.1,38202.9,38233.1,38207.3,0.29054003,15,38163.3
1701193620,38234.0,38250.1,38234.0,38250.0,38246.0,5.70552354,50,38169.935
1701193680,38250.1,38255.1,38240.0,38240.1,38251.1,8.98007836,123,38177.25
1701193740,38240.0,38240.1,38204.9,38204.9,38235.0,1.20628508,50,38184.53999999999
1701193800,38205.0,38205.0,38143.2,38143.2,38161.1,25.66091903,100,38183.175
1701193860,38147.5,38163.0,38147.5,38162.9,38150.0,1.26337524,19,38182.32
1701193920,38165.6,38191.3,38165.6,38170.7,38172.7,4.54010473,28,38181.854999999996
1701193980,38177.5,38195.8,38177.4,38179.1,38180.6,0.97571579,21,38184.345
1701194040,38179.0,38179.1,38179.0,38179.0,38179.0,0.33594195,39,38188.295
1701194100,38179.0,38244.2,38179.0,38226.1,38202.6,5.88358994,42,38190.604999999996
1701194160,38226.2,38240.0,38226.2,38240.0,38231.9,0.38520738,24,38193.61
1701194220,38240.0,38240.0,38182.5,38182.5,38223.0,2.44950079,41,38194.31
1701194280,38182.6,38202.6,38181.2,38202.6,38182.1,0.97809485,21,38195.45
1701194340,38223.3,38225.0,38223.3,38224.9,38224.9,0.52012388,9,38200.884999999995
1701194400,38225.0,38267.2,38225.0,38264.2,38252.4,22.96042286,112,38207.78999999999
1701194460,38254.4,38254.4,38243.0,38243.0,38253.6,0.58400148,37,38209.369999999995
1701194520,38243.1,38244.6,38202.3,38202.4,38226.0,3.53985304,59,38208.735
1701194580,38202.3,38202.4,38122.7,38125.0,38136.7,12.71548676,106,38204.235
1701194640,38124.9,38124.9,38077.1,38089.7,38089.6,19.77539035,79,38198.315
1701194700,38089.7,38095.0,38080.1,38094.1,38085.8,11.94244651,78,38192.875
1701194760,38094.9,38095.0,38094.3,38094.4,38094.8,5.69224289,25,38185.94
1701194820,38094.4,38094.4,38029.4,38075.1,38066.2,24.64562012,100,38177.195
1701194880,38075.1,38075.2,38075.0,38075.1,38075.0,2.06100219,18,38168.945
1701194940,38075.2,38114.9,38075.2,38114.8,38087.8,3.55316982,44,38164.44
1701195000,38114.8,38158.5,38114.8,38154.0,38146.3,0.77231349,27,38164.98
1701195060,38154.1,38154.1,38125.2,38125.3,38145.2,0.55292511,19,38163.1
1701195120,38125.3,38125.3,38125.2,38125.3,38125.2,0.27355698,12,38160.83
1701195180,38125.3,38143.1,38125.2,38143.1,38127.3,6.37798698,32,38159.03
1701195240,38143.9,38144.3,38143.0,38144.2,38144.2,5.1150008,29,38157.28999999999
1701195300,38149.9,38149.9,38140.0,38140.0,38142.2,2.67448099,28,38152.985
1701195360,38140.0,38140.0,38088.8,38089.0,38102.6,10.35202318,47,38145.435
1701195420,38088.9,38089.0,38088.9,38089.0,38088.9,0.29268371,38,38140.759999999995
1701195480,38089.0,38142.0,38089.0,38142.0,38093.3,4.83047908,20,38137.729999999996
1701195540,38142.0,38142.0,38141.9,38142.0,38141.9,1.78728869,19,38133.585
1701195600,38142.0,38175.0,38141.9,38175.0,38147.6,0.409873,21,38129.125
1701195660,38174.9,38175.0,38174.9,38174.9,38174.9,1.25876787,17,38125.72
1701195720,38175.0,38175.0,38142.0,38142.0,38172.8,6.79137809,43,38122.7
1701195780,38142.0,38142.0,38141.9,38141.9,38141.9,0.819438,11,38123.545
1701195840,38141.9,38151.0,38141.9,38148.9,38146.8,0.73677651,15,38126.505
1701195900,38148.9,38148.9,38148.0,38148.1,38148.0,1.54433927,16,38129.205
1701195960,38148.0,38148.1,38142.0,38142.0,38148.0,1.74070741,10,38131.585
1701196020,38141.9,38142.0,38122.5,38125.8,38127.0,4.11213191,34,38134.12
1701196080,38125.7,38144.6,38125.7,38144.6,38127.1,22.00554413,50,38137.595
1701196140,38144.6,38150.9,38144.6,38150.9,38149.0,0.5268745,20,38139.4
1701196200,38150.8,38150.8,38148.0,38148.0,38149.9,0.19368386,9,38139.1
1701196260,38148.0,38150.9,38119.4,38119.4,38149.2,19.65167366,54,38138.80500000001
1701196320,38093.3,38093.3,38093.2,38093.3,38093.2,0.04630785,5,38137.205
1701196380,38093.2,38093.3,38082.8,38083.0,38085.4,1.18677833,41,38134.2
1701196440,38082.9,38083.0,38074.0,38079.9,38076.0,1.74180768,32,38130.985
1701196500,38080.0,38138.3,38080.0,38138.2,38106.2,1.49514422,19,38130.895000000004
1701196560,38138.2,38138.2,38114.9,38115.0,38115.4,0.23962076,15,38132.195
1701196620,38115.0,38115.0,38115.0,38115.0,38115.0,0.00878812,4,38133.495
1701196680,38114.9,38114.9,38084.6,38084.6,38093.0,1.58093149,19,38130.625
1701196740,38084.6,38084.6,38074.0,38080.0,38082.7,2.7304761,26,38127.525
1701196800,38080.0,38114.4,38080.0,38100.0,38102.0,0.89179427,17,38123.775
1701196860,38100.0,38100.0,38099.9,38100.0,38099.9,3.38156239,25,38120.030000000006
1701196920,38100.0,38120.6,38100.0,38120.6,38111.5,0.84781932,15,38118.96000000001
1701196980,38120.6,38133.5,38120.6,38128.1,38127.6,1.31505102,27,38118.270000000004
1701197040,38128.1,38130.1,38128.1,38130.1,38128.7,8.18932316,50,38117.33
1701197100,38130.0,38130.1,38130.0,38130.1,38130.0,1.75739435,14,38116.43
1701197160,38130.1,38130.1,38130.0,38130.0,38130.0,1.76624203,18,38115.83
1701197220,38130.0,38130.1,38130.0,38130.0,38130.0,0.41297632,14,38116.03999999999
1701197280,38130.1,38130.1,38100.6,38102.5,38128.2,25.66582891,84,38113.935
1701197340,38100.5,38100.6,38088.5,38088.6,38099.5,0.74243038,23,38110.81999999999
1701197400,38088.5,38088.5,37900.0,37933.0,37946.9,40.17912828,214,38100.06999999999
1701197460,37933.1,37969.0,37933.1,37951.8,37956.6,1.04756382,25,38091.69
1701197520,37951.7,37951.7,37904.0,37919.7,37922.5,0.39315155,25,38083.009999999995
1701197580,37919.7,37919.7,37901.2,37901.3,37913.2,1.01756212,36,38073.925
1701197640,37901.5,37950.0,37901.4,37950.0,37904.2,0.52505868,24,38067.43
1701197700,37949.9,37965.1,37930.6,37965.1,37948.3,14.2580438,46,38058.775
1701197760,37965.1,37999.4,37965.0,37995.0,37986.5,2.93419682,31,38052.775
1701197820,37995.1,38035.9,37985.5,38035.9,37995.2,13.37818284,47,38048.82
1701197880,38035.8,38035.9,38035.8,38035.9,38035.8,1.2886468,15,38046.385
1701197940,38035.9,38035.9,38035.8,38035.8,38035.8,0.16243804,15,38044.175
1701198000,38035.8,38035.9,37979.9,37979.9,38004.6,2.0516451,44,38038.17
1701198060,37980.0,38100.0,37980.0,38100.0,37991.9,19.29614599,70,38038.17
1701198120,38100.0,38120.1,38100.0,38120.0,38107.0,18.9756963,43,38038.14
1701198180,38120.0,38127.8,38099.9,38125.5,38120.9,2.93551885,22,38038.009999999995
1701198240,38130.0,38130.1,37587.5,38086.2,37960.5,249.99068506,872,38035.815
1701198300,38086.2,38086.2,38085.0,38085.0,38086.1,2.52701188,34,38033.560000000005
1701198360,38085.0,38085.0,38034.8,38034.9,38037.3,6.04702809,38,38028.80500000001
1701198420,38034.9,38034.9,38022.5,38022.5,38027.3,0.0935657,8,38023.43000000001
1701198480,38022.4,38022.4,38000.0,38000.0,38000.1,1.96214407,22,38018.30500000001
1701198540,38000.0,38005.7,38000.0,38005.7,38002.7,10.85129813,21,38014.16
1701198600,38006.4,38042.9,38006.4,38042.9,38013.5,3.24133868,32,38019.655000000006
1701198660,38042.9,38086.2,38042.9,38086.2,38054.2,3.19607869,101,38026.375
1701198720,38085.9,38092.7,38085.8,38092.7,38088.9,1.08827771,17,38035.025
1701198780,38092.7,38093.0,38092.7,38093.0,38092.7,3.34439585,12,38044.61
1701198840,38093.0,38093.0,38081.1,38081.1,38092.3,0.92246861,21,38051.165
1701198900,38081.2,38081.2,38081.1,38081.2,38081.1,0.45223698,12,38056.97
1701198960,38081.2,38081.2,38081.1,38081.1,38081.1,0.07143683,7,38061.275
1701199020,38081.2,38081.2,38026.1,38027.2,38047.0,0.72343216,32,38060.840000000004
1701199080,38040.8,38078.0,38040.7,38078.0,38049.1,0.89421519,24,38062.945
1701199140,38079.9,38079.9,38072.5,38075.4,38073.9,1.0743874,35,38064.925
1701199200,38075.4,38099.9,38075.3,38099.8,38093.5,0.70013027,33,38070.92
1701199260,38099.8,38100.0,38099.8,38100.0,38099.8,0.30445744,14,38070.92
1701199320,38100.0,38100.0,38099.8,38099.8,38099.8,0.26070108,14,38069.91
1701199380,38095.9,38095.9,38064.1,38064.2,38074.1,39.61365097,91,38066.845
1701199440,38064.2,38064.2,38049.9,38058.4,38051.0,1.42555633,17,38065.455
1701199500,38061.1,38064.2,38061.1,38064.1,38064.0,0.27716394,8,38064.409999999996
1701199560,38064.1,38064.2,38064.1,38064.2,38064.1,0.42909567,27,38065.875
1701199620,38064.2,38095.9,38064.2,38095.9,38071.2,0.99846994,27,38069.545
1701199680,38095.8,38095.9,38095.8,38095.9,38095.8,0.07950735,13,38074.34
1701199740,38095.9,38099.9,38095.8,38099.9,38097.8,0.28477736,20,38079.05
1701199800,38099.8,38099.9,38095.8,38099.9,38098.9,3.22400727,21,38081.9
1701199860,38099.9,38100.6,38092.0,38092.0,38100.4,11.18195674,36,38082.19
1701199920,38092.1,38095.8,38092.0,38095.8,38094.3,0.17166916,13,38082.345
1701199980,38095.8,38102.0,38095.8,38102.0,38101.0,0.41897972,25,38082.795
1701200040,38102.0,38119.6,38102.0,38119.6,38117.1,0.48650615,22,38084.719999999994
1701200100,38119.6,38120.7,38119.5,38120.7,38120.4,0.30556589,15,38086.695
1701200160,38120.7,38149.9,38120.7,38149.8,38128.9,0.49318979,41,38090.13
1701200220,38149.9,38150.9,38129.9,38129.9,38150.8,14.95296593,23,38095.265
1701200280,38130.0,38130.0,38129.9,38130.0,38129.9,0.36893491,8,38097.865
1701200340,38130.0,38130.0,38111.5,38111.5,38129.9,14.29101092,21,38099.67
1701200400,38106.8,38150.9,38092.0,38150.9,38105.7,17.60144354,78,38102.225
1701200460,38150.9,38309.0,38150.8,38308.1,38254.4,49.42717225,304,38112.63
1701200520,38308.1,38390.7,38308.1,38375.2,38363.9,31.40197038,281,38126.4
1701200580,38375.3,38375.3,38297.8,38297.8,38339.9,1.88808215,37,38138.08
1701200640,38297.8,38316.8,38265.9,38313.4,38292.6,6.53980566,72,38150.83
1701200700,38316.9,38336.7,38246.5,38246.6,38291.2,2.72681118,36,38159.955
1701200760,38246.5,38246.6,38200.0,38200.1,38238.9,2.15281339,54,38166.75
1701200820,38200.0,38200.1,38169.3,38189.8,38192.1,1.00387583,27,38171.445
1701200880,38185.1,38185.1,38150.0,38150.1,38174.8,3.37701059,36,38174.155
1701200940,38165.8,38180.5,38150.1,38157.9,38163.6,0.21875864,17,38177.055
1701201000,38184.3,38192.8,38183.1,38188.2,38188.3,3.49797996,19,38181.469999999994
1701201060,38191.5,38259.1,38191.5,38250.8,38241.0,20.7845894,45,38189.409999999996
1701201120,38264.1,38264.4,38264.0,38264.1,38264.2,2.44468351,32,38197.825
1701201180,38264.1,38264.1,38249.0,38249.1,38257.1,1.85017979,39,38205.18
1701201240,38249.0,38249.0,38245.4,38245.5,38245.6,23.05607612,47,38211.475
1701201300,38245.5,38245.5,38228.6,38228.6,38241.1,3.33402143,17,38216.87
1701201360,38228.7,38228.7,38205.5,38205.5,38220.7,4.68773717,35,38219.655000000006
1701201420,38205.5,38228.7,38205.5,38221.6,38221.0,4.10281519,55,38224.240000000005
1701201480,38221.5,38235.8,38164.3,38164.3,38203.7,3.7026985,38,38225.955
1701201540,38164.3,38164.4,38112.9,38137.2,38124.5,22.07586948,64,38227.240000000005
1701201600,38137.3,38146.8,38123.0,38130.3,38130.5,2.01353557,34,38226.21
1701201660,38130.3,38130.3,38130.2,38130.3,38130.2,0.43266531,13,38217.32
1701201720,38130.2,38130.3,38130.2,38130.2,38130.2,0.02298554,7,38205.06999999999
1701201780,38130.3,38150.0,38130.2,38150.0,38130.3,3.82220704,42,38197.68
1701201840,38150.0,38164.4,38149.9,38164.4,38152.8,1.09138013,23,38190.229999999996
1701201900,38164.4,38172.7,38152.0,38152.1,38164.3,9.75695447,30,38185.505
1701201960,38152.1,38152.1,38131.1,38131.1,38140.5,0.57424847,22,38182.05500000001
1701202020,38130.2,38130.2,38100.0,38100.1,38107.6,2.08035738,47,38177.57
1701202080,38100.1,38112.1,38100.1,38112.0,38111.7,0.40417156,15,38175.665
1701202140,38112.0,38112.1,38112.0,38112.1,38112.0,0.14892641,12,38173.375
1701202200,38112.0,38165.2,38112.0,38165.2,38147.6,4.25590287,26,38172.225
1701202260,38165.2,38165.2,38165.1,38165.1,38165.1,1.66115581,9,38167.94
1701202320,38165.2,38182.9,38165.1,38182.2,38167.5,4.48211299,43,38163.845
1701202380,38182.1,38185.6,38165.2,38185.5,38179.6,1.12082233,17,38160.665
1701202440,38187.2,38202.2,38187.2,38200.3,38201.0,1.21566096,20,38158.405000000006
1701202500,38200.3,38200.3,38200.2,38200.3,38200.2,0.4503239,13,38156.99
1701202560,38206.0,38215.0,38206.0,38215.0,38214.0,0.65553207,24,38157.465
1701202620,38215.0,38216.4,38214.9,38215.0,38215.0,0.16384122,10,38157.134999999995
1701202680,38215.0,38215.0,38185.4,38185.5,38208.6,1.13200283,20,38158.195
1701202740,38185.5,38185.5,38185.4,38185.4,38185.4,0.17759554,6,38160.604999999996
1701202800,38185.5,38185.5,38185.4,38185.5,38185.4,0.62277457,12,38163.365000000005
1701202860,38185.5,38185.5,38108.4,38108.4,38158.2,3.86432744,33,38162.270000000004
1701202920,38115.1,38142.2,38115.0,38142.1,38130.6,0.27530086,11,38162.865000000005
1701202980,38142.2,38142.2,38110.9,38110.9,38122.4,2.99588568,40,38160.91
1701203040,38111.0,38120.6,38110.9,38120.0,38115.2,0.56392203,19,38158.69
1701203100,38120.0,38120.0,38100.0,38100.0,38114.2,1.4547345,21,38156.08500000001
1701203160,38105.9,38105.9,38074.9,38091.2,38092.4,5.25984812,55,38154.09
1701203220,38091.1,38100.1,38053.7,38084.7,38071.5,23.3093608,78,38153.32
1701203280,38084.7,38088.5,38084.7,38088.5,38088.4,2.16098017,66,38152.145000000004
1701203340,38088.5,38090.0,38088.5,38090.0,38089.4,0.21406366,20,38151.04
1701203400,38090.0,38090.0,38089.9,38089.9,38089.9,0.07263068,5,38147.275
1701203460,38089.9,38090.0,38089.9,38090.0,38089.9,0.09739767,11,38143.52
1701203520,38090.0,38090.0,38089.9,38089.9,38089.9,4.14247666,30,38138.905
1701203580,38090.0,38090.2,38089.9,38090.2,38090.0,40.31660915,146,38134.14
1701203640,38090.1,38090.2,38090.1,38090.2,38090.1,0.06505089,9,38128.634999999995
1701203700,38090.2,38142.2,38090.2,38142.2,38094.8,13.69889407,57,38125.729999999996
1701203760,38142.1,38142.1,38142.0,38142.1,38142.0,0.0890529,13,38122.085
1701203820,38142.1,38142.1,38142.0,38142.0,38142.0,0.09583311,6,38118.435
1701203880,38142.1,38142.1,38142.0,38142.0,38142.0,0.10691142,11,38116.259999999995
1701203940,38142.0,38156.4,38142.0,38156.3,38146.8,0.38076718,18,38114.805
1701204000,38156.2,38187.5,38156.2,38187.2,38177.6,1.32101095,27,38114.89
1701204060,38188.2,38188.3,38188.2,38188.3,38188.2,0.63505885,17,38118.884999999995
1701204120,38188.2,38188.3,38188.2,38188.3,38188.2,0.25211382,10,38121.195
1701204180,38188.3,38188.3,38188.2,38188.3,38188.2,0.27982862,11,38125.064999999995
1701204240,38188.3,38188.3,38188.2,38188.3,38188.2,0.75258001,23,38128.479999999996
1701204300,38188.3,38188.3,38188.2,38188.3,38188.2,0.07291017,12,38132.895000000004
1701204360,38188.3,38200.0,38188.2,38200.0,38188.6,8.28817858,74,38138.33500000001
1701204420,38200.0,38200.0,38199.9,38200.0,38199.9,0.16829395,11,38144.1
1701204480,38200.0,38219.5,38200.0,38219.4,38200.7,0.38356962,30,38150.645
1701204540,38219.5,38219.5,38199.9,38218.1,38211.5,3.80361429,38,38157.05
1701204600,38219.5,38219.5,38204.0,38204.0,38212.2,0.37836746,7,38162.755000000005
1701204660,38204.0,38219.0,38204.0,38219.0,38216.9,2.52905401,8,38169.205
1701204720,38219.0,38219.0,38218.9,38219.0,38218.9,0.78181403,12,38175.66
1701204780,38219.0,38219.0,38218.9,38219.0,38218.9,0.32059386,12,38182.1
1701204840,38219.0,38219.0,38218.9,38219.0,38218.9,0.48254097,9,38188.54
1701204900,38218.9,38239.0,38218.9,38239.0,38228.7,19.78386657,98,38193.380000000005
1701204960,38239.0,38259.0,38238.9,38259.0,38247.6,19.75212916,61,38199.225
1701205020,38259.0,38264.0,38258.9,38264.0,38261.6,9.53590516,95,38205.325
1701205080,38264.0,38279.0,38264.0,38279.0,38277.1,40.95865306,135,38212.175
1701205140,38279.0,38279.0,38243.8,38243.9,38267.5,1.62942955,40,38216.555
1701205200,38243.9,38254.6,38189.0,38189.1,38233.9,6.33949041,32,38216.65
1701205260,38189.1,38189.1,38189.0,38189.1,38189.0,0.53165513,15,38216.69
1701205320,38189.1,38189.1,38157.9,38170.1,38169.6,5.75280913,37,38215.78
1701205380,38170.1,38188.4,38170.0,38188.4,38185.9,0.89622343,16,38215.785
1701205440,38188.4,38189.1,38183.1,38189.1,38184.4,0.43550101,14,38215.825
1701205500,38189.0,38190.0,38189.0,38190.0,38189.3,0.20580684,20,38215.909999999996
1701205560,38189.9,38190.0,38170.0,38170.0,38178.0,1.83546586,26,38214.409999999996
1701205620,38170.0,38170.1,38170.0,38170.1,38170.0,0.16147811,5,38212.91499999999
1701205680,38170.1,38170.1,38149.9,38150.0,38151.8,1.6528832,25,38209.445
1701205740,38149.9,38150.0,38149.9,38149.9,38149.9,0.4707223,21,38206.034999999996
1701205800,38149.9,38150.0,38149.0,38149.1,38149.8,1.47317046,14,38203.28999999999
1701205860,38149.0,38150.0,38149.0,38149.9,38149.8,0.48875196,13,38199.835
1701205920,38150.0,38168.8,38150.0,38163.2,38161.3,0.65963419,21,38197.045
1701205980,38163.2,38163.2,38150.0,38150.0,38160.7,0.01039166,8,38193.594999999994
1701206040,38155.1,38155.2,38155.1,38155.2,38155.1,0.46480445,8,38190.405
1701206100,38155.1,38155.2,38155.1,38155.1,38155.1,0.184865,3,38186.21
1701206160,38155.1,38155.2,38155.1,38155.2,38155.1,0.10738259,7,38181.02
1701206220,38155.2,38155.2,38155.1,38155.2,38155.1,0.68046097,10,38175.58
1701206280,38155.2,38155.2,38155.1,38155.2,38155.1,0.17699569,6,38169.39
1701206340,38155.2,38155.2,38154.1,38154.1,38155.1,0.33041311,15,38164.9
1701206400,38154.0,38154.1,38149.9,38150.0,38150.3,0.03160776,11,38162.94499999999
1701206460,38150.0,38153.0,38150.0,38153.0,38152.9,0.39102402,4,38161.14
1701206520,38154.7,38154.7,38154.6,38154.6,38154.6,1.79025741,10,38160.365
1701206580,38154.6,38154.6,38152.9,38152.9,38153.1,0.2818439,14,38158.59
1701206640,38152.9,38153.0,38148.0,38148.0,38152.8,0.31096777,13,38156.534999999996
1701206700,38148.0,38148.0,38132.0,38132.1,38135.8,0.68200685,16,38153.64
1701206760,38132.1,38132.1,38122.0,38122.1,38130.1,1.26083091,27,38151.245
1701206820,38122.1,38122.1,38101.1,38108.6,38108.5,3.59663543,34,38148.17
1701206880,38108.5,38108.6,38108.5,38108.6,38108.5,2.20276228,30,38146.1
1701206940,38108.5,38108.6,38108.5,38108.5,38108.5,0.0465211,10,38144.03
1701207000,38108.6,38108.6,38108.5,38108.6,38108.5,0.04109831,7,38142.005
1701207060,38108.6,38108.6,38108.5,38108.6,38108.5,0.00844216,4,38139.939999999995
1701207120,38108.6,38108.6,38100.0,38100.0,38108.4,7.03134562,18,38136.78
1701207180,38100.1,38100.1,38100.0,38100.1,38100.0,0.52162937,8,38134.285
1701207240,38100.1,38100.1,38099.0,38099.1,38099.2,2.30916533,23,38131.479999999996
1701207300,38099.0,38099.1,38098.5,38098.6,38098.6,1.3723053,27,38128.655
1701207360,38098.5,38114.4,38087.3,38114.3,38094.9,11.69659136,46,38126.61
1701207420,38114.2,38114.3,38111.5,38113.7,38114.1,1.31356022,19,38124.534999999996
1701207480,38113.7,38113.7,38050.0,38065.3,38073.3,30.94835776,82,38120.04
1701207540,38065.2,38065.2,38046.4,38060.8,38052.6,4.67218006,35,38115.375
1701207600,38060.9,38062.6,38060.9,38061.0,38061.7,0.74387199,20,38110.925
1701207660,38061.0,38061.0,38060.9,38060.9,38060.9,0.24193553,19,38106.32
1701207720,38060.9,38061.0,38000.0,38021.7,38018.8,12.49334529,128,38099.675
1701207780,38021.7,38021.7,38021.7,38021.7,38021.7,0.86822362,12,38093.115000000005
1701207840,38021.7,38021.7,38000.0,38000.1,38005.2,7.34127697,42,38085.72
1701207900,38008.9,38021.7,38007.9,38021.7,38016.5,0.4123045,19,38080.2
1701207960,38021.7,38021.7,38014.1,38014.1,38020.7,0.42502088,19,38074.8
1701208020,38014.1,38014.1,37979.9,37979.9,37988.3,8.44347053,44,38068.365
1701208080,37980.0,37980.0,37980.0,37980.0,37980.0,4.32897738,28,38061.935
1701208140,37980.0,37980.0,37979.9,37980.0,37979.9,2.08180347,29,38055.509999999995
1701208200,37980.0,37980.0,37956.2,37956.2,37966.2,4.21155343,40,38047.89
1701208260,37960.0,37960.0,37955.4,37956.0,37956.0,5.83406539,21,38040.26
1701208320,37956.0,37959.9,37955.9,37959.8,37957.7,1.30793644,32,38033.25
1701208380,37959.8,37959.9,37959.8,37959.9,37959.8,13.95722079,35,38026.24
1701208440,37959.1,37959.1,37959.0,37959.1,37959.0,0.20255006,9,38019.24
1701208500,37959.0,37959.1,37959.0,37959.0,37959.0,0.59255353,21,38012.259999999995
1701208560,37959.9,37968.3,37959.8,37968.3,37960.1,1.52508041,17,38004.96
1701208620,37968.3,37968.3,37968.2,37968.2,37968.2,0.54789461,15,37997.685
1701208680,37968.2,37968.3,37968.2,37968.2,37968.2,0.56022507,15,37992.83
1701208740,37968.2,37968.3,37968.2,37968.2,37968.2,0.26273294,9,37988.2
1701208800,37968.3,37968.3,37968.2,37968.3,37968.2,0.51721241,15,37983.565
1701208860,37968.3,37968.3,37968.2,37968.3,37968.2,0.28994036,10,37978.935
1701208920,37968.3,37968.3,37929.6,37932.1,37946.5,3.85724329,57,37974.455
1701208980,37932.1,37939.0,37932.1,37938.9,37932.6,10.7552705,26,37970.314999999995
1701209040,37943.1,37943.1,37943.1,37943.1,37943.1,0.09934597,4,37967.465000000004
1701209100,37943.0,37950.3,37932.1,37950.3,37939.7,0.76653043,28,37963.895000000004
1701209160,37956.7,37980.0,37956.7,37980.0,37974.5,0.94910909,26,37962.19
1701209220,37980.0,37980.0,37979.0,37979.0,37979.8,0.34533266,16,37962.145000000004
1701209280,37978.9,37983.0,37978.9,37981.6,37980.3,3.58778652,21,37962.225
1701209340,37983.1,37990.3,37980.9,37980.9,37988.7,7.68163657,26,37962.270000000004
1701209400,37979.0,37991.5,37978.9,37991.5,37982.0,0.70045754,12,37964.034999999996
1701209460,37991.5,38021.7,37980.0,38021.7,38004.0,12.84251969,22,37967.31999999999
1701209520,38021.7,38021.7,38021.6,38021.6,38021.6,13.90168652,25,37970.41
1701209580,38024.6,38025.0,38024.6,38025.0,38024.9,0.02761669,4,37973.665
1701209640,38025.0,38025.0,38024.9,38025.0,38024.9,0.25017415,12,37976.96000000001
1701209700,38025.0,38025.0,38025.0,38025.0,38025.0,0.57105798,6,37980.26
1701209760,38025.0,38025.0,38009.5,38011.7,38017.0,0.19430676,14,37982.43
1701209820,38029.1,38053.6,38029.1,38046.7,38052.6,1.58271921,25,37986.354999999996
1701209880,38046.7,38047.8,38046.7,38047.7,38047.3,0.10815895,7,37990.33
1701209940,38049.1,38049.1,38049.0,38049.1,38049.0,0.11746673,7,37994.375
1701210000,38049.0,38049.0,38045.0,38045.0,38047.6,0.34099774,21,37998.21
1701210060,38028.0,38028.1,38000.0,38000.0,38025.5,0.82685959,21,37999.795
1701210120,37996.1,37996.2,37976.2,37976.2,37979.8,9.0555314,27,38002.0
1701210180,37985.9,37985.9,37963.5,37963.7,37968.8,0.78077151,20,38003.240000000005
1701210240,37963.7,37980.3,37963.7,37980.3,37968.3,1.65185595,18,38005.09999999999
1701210300,37981.5,37999.7,37981.5,37999.6,37991.9,0.71167035,18,38007.565
1701210360,37999.6,38000.0,37958.1,37958.1,37984.2,3.11893081,39,38006.47
1701210420,37970.7,37987.0,37970.6,37987.0,37986.9,2.14034521,9,38006.87
1701210480,37987.0,37989.1,37983.5,37989.1,37984.2,1.96938828,22,38007.245
1701210540,37989.1,37989.1,37989.1,37989.1,0.0,0.0,0,38007.655
1701210600,37989.1,37998.2,37989.0,37993.1,37992.8,0.0415182,15,38007.735
1701210660,37993.1,37993.1,37985.7,37986.5,37988.5,0.41132495,17,38005.975
1701210720,37986.7,37986.8,37986.7,37986.7,37986.7,0.2303542,11,38004.229999999996
1701210780,37986.7,37986.8,37962.3,37963.7,37979.0,0.30408835,26,38001.16499999999
1701210840,37963.7,37963.8,37957.9,37958.6,37958.7,3.33424706,18,37997.844999999994
1701210900,37958.5,37958.5,37958.4,37958.5,37958.4,0.10785874,9,37994.52
1701210960,37958.5,37959.0,37958.4,37959.0,37958.9,0.51475092,15,37991.884999999995
1701211020,37959.0,37975.5,37958.9,37975.5,37971.1,0.18851405,13,37988.325
1701211080,37979.8,37980.0,37979.8,37980.0,37979.9,0.05671262,10,37984.939999999995
1701211140,37980.0,37980.0,37980.0,37980.0,37980.0,0.0410423,4,37981.485
1701211200,37980.0,38001.6,37980.0,38001.6,37999.2,7.40060503,25,37979.314999999995
1701211260,38002.2,38002.2,37979.9,37979.9,37990.5,2.68999709,17,37978.31
1701211320,37980.0,37980.0,37979.9,37979.9,37979.9,0.73855277,11,37978.495
1701211380,37979.9,37979.9,37955.5,37959.0,37962.6,0.86043274,32,37978.259999999995
1701211440,37959.0,37962.3,37959.0,37962.0,37959.9,0.02802877,5,37977.345
1701211500,37962.0,37962.0,37953.9,37957.4,37955.9,1.56382448,41,37975.235
1701211560,37957.9,37958.4,37957.9,37958.3,37958.0,0.13141369,11,37975.244999999995
1701211620,37958.3,37958.3,37957.9,37957.9,37958.0,0.07929436,10,37973.78999999999
1701211680,37957.9,37957.9,37950.0,37950.0,37954.5,0.89283316,25,37971.835
1701211740,37949.2,37949.2,37949.1,37949.2,37949.1,0.47268463,14,37969.840000000004
1701211800,37949.2,37949.2,37923.0,37923.0,37942.9,1.67526823,36,37966.33500000001
1701211860,37923.1,37923.1,37826.5,37860.3,37862.0,16.05017536,139,37960.025
1701211920,37872.1,37873.3,37814.5,37830.0,37840.2,6.17913451,53,37952.189999999995
1701211980,37830.4,37830.4,37823.6,37828.6,37826.3,4.78418549,17,37945.435
1701212040,37828.9,37830.4,37828.8,37830.3,37829.5,0.07263678,11,37939.020000000004
1701212100,37830.4,37896.5,37830.4,37896.4,37873.0,3.45249703,32,37935.915
1701212160,37894.1,37899.7,37894.1,37899.7,37899.2,0.0861662,7,37932.95
1701212220,37899.7,37899.7,37899.6,37899.6,37899.6,0.22492407,11,37929.155000000006
1701212280,37899.7,37899.7,37821.4,37821.4,37849.8,17.84890664,55,37921.225
1701212340,37842.6,37844.0,37831.9,37843.9,37843.9,0.23405273,8,37914.42
1701212400,37844.0,37895.6,37843.9,37865.6,37849.4,0.04686312,15,37907.62
1701212460,37863.2,37869.5,37859.4,37864.9,37866.0,1.29959666,10,37901.87
1701212520,37864.8,37878.6,37864.8,37878.6,37866.3,0.48808113,16,37896.805
1701212580,37872.1,37872.1,37872.0,37872.1,37872.0,1.18104233,12,37892.46
1701212640,37872.0,37872.1,37864.8,37865.4,37870.5,0.41386021,25,37887.63
1701212700,37865.3,37865.3,37864.8,37864.9,37864.8,0.80068072,27,37883.005
1701212760,37864.8,37864.9,37864.8,37864.9,37864.8,0.02848344,11,37878.33500000001
1701212820,37864.9,37864.9,37864.8,37864.9,37864.8,5.3531249,26,37873.685000000005
1701212880,37887.5,37888.8,37868.0,37875.4,37873.4,0.1289445,16,37869.955
1701212940,37880.4,37899.6,37880.4,37899.6,37896.4,1.07482194,14,37867.475
1701213000,37901.1,37903.1,37901.1,37903.1,37901.5,0.00732689,7,37866.479999999996
1701213060,37903.1,37922.0,37903.1,37922.0,37907.4,0.0862603,20,37869.565
1701213120,37922.0,37935.5,37922.0,37935.5,37926.5,0.07157957,9,37874.840000000004
1701213180,37922.3,37922.3,37922.3,37922.3,37922.3,0.01351673,4,37879.525
1701213240,37922.3,37923.3,37922.3,37923.3,37922.7,3.56357488,18,37884.175
1701213300,37923.2,37923.3,37923.2,37923.3,37923.2,0.35680999,17,37885.520000000004
1701213360,37923.3,37923.3,37923.2,37923.3,37923.2,1.41054002,10,37886.7
1701213420,37923.3,37923.3,37923.3,37923.3,37923.3,1.57822867,7,37887.884999999995
1701213480,37923.2,37923.2,37910.4,37910.4,37917.8,0.40147215,27,37892.33500000001
1701213540,37904.1,37904.1,37900.0,37900.1,37902.9,1.19348073,23,37895.145000000004
1701213600,37900.0,37900.1,37900.0,37900.1,37900.0,0.01067732,4,37896.87
1701213660,37900.1,37900.1,37900.1,37900.1,37900.1,0.11031303,10,37898.63
1701213720,37900.0,37900.1,37900.0,37900.0,37900.0,0.37687784,11,37899.7
1701213780,37900.0,37900.0,37874.5,37874.5,37899.7,8.62738218,39,37899.81999999999
1701213840,37872.2,37872.2,37872.1,37872.1,37872.1,0.11133162,16,37900.155000000006
1701213900,37872.1,37872.2,37868.0,37872.1,37871.9,0.26255113,17,37900.515
1701213960,37872.1,37878.5,37872.0,37874.1,37874.0,2.06608032,18,37900.975
1701214020,37874.1,37874.1,37874.0,37874.0,37874.0,0.39800578,8,37901.43
1701214080,37874.0,37874.1,37874.0,37874.0,37874.0,0.33399053,11,37901.36
1701214140,37874.1,37874.1,37874.0,37874.0,37874.0,0.24798742,6,37900.08
1701214200,37878.3,37879.3,37878.3,37878.4,37878.5,0.04647778,21,37898.845
1701214260,37874.0,37874.1,37874.0,37874.1,37874.0,0.28353773,14,37896.45
1701214320,37874.1,37874.1,37874.0,37874.0,37874.0,0.30008142,25,37893.375
1701214380,37868.0,37868.0,37847.6,37847.6,37862.4,20.68527964,38,37889.64
1701214440,37851.3,37851.3,37848.9,37848.9,37849.0,1.08925556,11,37885.92
1701214500,37848.9,37848.9,37821.8,37821.9,37831.8,1.01698972,101,37880.85
1701214560,37821.9,37825.6,37758.8,37804.2,37789.6,6.64766902,78,37874.895000000004
1701214620,37789.1,37789.1,37758.8,37764.1,37786.4,0.14786999,11,37866.935
1701214680,37758.9,37758.9,37712.8,37712.8,37728.0,12.92561314,76,37857.055
1701214740,37714.0,37749.8,37712.8,37745.1,37727.8,4.70317904,30,37849.305
1701214800,37741.0,37756.5,37730.8,37753.9,37744.9,2.11740913,23,37841.995
1701214860,37758.8,37797.2,37758.8,37797.2,37787.1,2.90626933,20,37836.85
1701214920,37797.2,37802.9,37797.1,37802.9,37801.3,1.00834166,15,37831.995
1701214980,37808.3,37830.2,37797.1,37797.1,37826.0,0.77196529,25,37828.125
1701215040,37797.1,37797.2,37797.1,37797.2,37797.1,0.23940541,8,37824.38
1701215100,37797.2,37806.6,37782.7,37796.3,37784.0,0.9506679,45,37820.59
1701215160,37807.5,37818.2,37807.4,37818.2,37817.6,1.31737479,16,37817.795
1701215220,37818.1,37818.2,37782.9,37782.9,37784.6,2.92544432,56,37813.240000000005
1701215280,37748.1,37794.7,37748.1,37789.7,37792.8,6.79474528,32,37809.025
1701215340,37797.5,37805.8,37797.5,37805.8,37801.4,0.23130561,18,37805.615000000005
1701215400,37814.2,37819.1,37811.7,37816.6,37816.5,1.25209788,17,37802.525
1701215460,37816.5,37816.6,37816.5,37816.6,37816.5,0.05740272,4,37799.65
1701215520,37816.6,37816.6,37816.5,37816.5,37816.5,13.25106956,37,37796.775
1701215580,37816.6,37816.6,37816.5,37816.5,37816.5,0.16061259,6,37795.22
1701215640,37816.5,37816.6,37816.5,37816.5,37816.5,0.15325358,10,37793.6
1701215700,37816.6,37816.6,37816.6,37816.6,37816.6,0.09535739,8,37793.335
1701215760,37816.5,37829.7,37816.5,37829.7,37824.9,0.0946823,7,37794.61
1701215820,37829.7,37829.7,37829.6,37829.7,37829.6,0.05208295,5,37797.89
1701215880,37829.7,37829.7,37829.6,37829.7,37829.6,0.08257363,9,37803.735
1701215940,37829.7,37832.7,37829.7,37832.7,37832.6,2.47204078,17,37808.115000000005
1701216000,37832.7,37846.2,37832.7,37846.2,37844.5,4.69766408,30,37812.729999999996
1701216060,37846.1,37846.2,37846.1,37846.2,37846.1,2.89398133,24,37815.18
1701216120,37846.2,37846.2,37832.5,37832.5,37845.9,1.58080645,23,37816.659999999996
1701216180,37829.7,37829.7,37812.1,37812.2,37824.2,3.28704756,26,37817.415
1701216240,37812.2,37812.2,37812.1,37812.2,37812.1,0.94752918,15,37818.16499999999
1701216300,37812.1,37812.2,37797.3,37797.3,37812.0,16.07722655,52,37818.215000000004
1701216360,37775.5,37775.5,37771.2,37771.2,37775.1,1.46648563,22,37815.865
1701216420,37771.1,37771.2,37712.0,37722.0,37721.7,15.05442158,65,37812.81999999999
1701216480,37722.1,37722.1,37722.0,37722.1,37722.0,1.0377537,31,37809.439999999995
1701216540,37722.1,37722.1,37722.0,37722.1,37722.0,1.2728654,7,37805.25499999999
1701216600,37722.1,37722.1,37711.3,37720.0,37721.9,2.35862326,27,37800.425
1701216660,37719.9,37761.8,37719.9,37761.8,37720.9,1.74503772,19,37797.685
1701216720,37761.7,37761.7,37719.9,37720.0,37733.5,0.97667314,16,37792.86
1701216780,37720.0,37720.0,37719.9,37720.0,37719.9,0.05545399,9,37788.034999999996
1701216840,37720.0,37720.0,37706.2,37713.9,37715.7,0.86823227,31,37782.905
1701216900,37713.9,37713.9,37708.5,37708.5,37712.2,0.11365895,11,37777.5
1701216960,37708.5,37717.3,37708.5,37717.3,37709.9,0.11941422,12,37771.880000000005
1701217020,37720.8,37738.5,37720.8,37738.5,37727.0,0.00358942,5,37767.32
1701217080,37738.4,37738.4,37727.1,37729.4,37735.3,0.33869518,11,37762.305
1701217140,37729.8,37743.5,37729.0,37743.5,37729.0,0.073679,4,37757.844999999994
1701217200,37753.3,37761.8,37753.3,37758.8,37758.9,0.23829006,13,37753.475
1701217260,37758.8,37762.0,37758.8,37761.3,37760.3,0.24731999,10,37749.23
1701217320,37762.0,37762.0,37761.9,37762.0,37761.9,0.0188522,5,37745.705
1701217380,37762.0,37765.0,37762.0,37765.0,37762.1,0.09144785,8,37743.345
1701217440,37765.0,37765.0,37765.0,37765.0,37765.0,0.04010376,4,37740.985
1701217500,37765.0,37773.6,37765.0,37773.6,37768.9,1.91750433,28,37739.8
1701217560,37773.6,37773.6,37773.5,37773.6,37773.5,0.9513033,8,37739.92
1701217620,37773.6,37774.3,37773.6,37774.3,37774.0,0.00588869,2,37742.535
1701217680,37776.0,37776.9,37776.0,37776.8,37776.3,0.06027794,8,37745.270000000004
1701217740,37776.9,37776.9,37776.9,37776.9,37776.9,0.01070583,1,37748.01
1701217800,37777.0,37782.2,37777.0,37782.2,37777.5,0.02592684,8,37751.119999999995
1701217860,37783.1,37808.5,37783.1,37803.7,37808.1,1.21399887,11,37753.215000000004
1701217920,37811.8,37826.9,37811.8,37825.3,37819.7,3.526821,31,37758.479999999996
1701217980,37825.3,37827.8,37825.3,37827.7,37826.8,0.11424746,17,37763.865000000005
1701218040,37830.0,37846.6,37830.0,37846.6,37844.7,0.12193883,26,37770.5
1701218100,37846.6,37846.6,37846.5,37846.6,37846.5,0.13433579,10,37777.405
1701218160,37846.6,37872.3,37846.6,37872.3,37870.0,6.09488467,20,37785.155
1701218220,37878.0,37883.8,37877.9,37883.8,37883.7,1.6427586,10,37792.42
1701218280,37883.8,37883.8,37883.7,37883.8,37883.7,0.05327538,6,37800.14
1701218340,37883.8,37887.1,37883.8,37887.1,37883.8,12.58815211,18,37807.32
1701218400,37890.7,37900.0,37890.7,37899.9,37897.9,2.06937038,14,37814.375
1701218460,37900.0,37904.7,37900.0,37903.6,37903.6,0.35650921,17,37821.49
1701218520,37903.6,37903.6,37884.4,37893.5,37893.1,8.22743306,50,37828.064999999995
1701218580,37903.2,37903.3,37903.2,37903.3,37903.2,0.1460605,3,37834.979999999996
1701218640,37903.3,37903.3,37903.2,37903.2,37903.2,0.02974087,7,37841.89
1701218700,37903.2,37910.7,37903.2,37910.4,37908.5,0.13780836,11,37848.729999999996
1701218760,37910.4,37910.4,37884.4,37884.4,37909.5,0.83181983,20,37854.270000000004
1701218820,37884.5,37884.5,37884.5,37884.5,37884.5,0.0001,1,37859.78
1701218880,37884.5,37884.5,37884.4,37884.5,37884.4,0.14687159,10,37865.165
1701218940,37884.5,37895.5,37884.5,37895.5,37893.5,0.11732887,9,37871.095
1701219000,37895.5,37895.5,37895.4,37895.5,37895.4,0.07134983,11,37876.76
1701219060,37895.5,37895.5,37895.4,37895.5,37895.4,0.00774103,4,37881.35
1701219120,37895.5,37895.5,37895.4,37895.4,37895.4,3.00530507,8,37884.855
1701219180,37895.5,37895.5,37895.4,37895.4,37895.4,0.05908133,7,37888.240000000005
1701219240,37895.5,37895.5,37895.5,37895.5,37895.5,0.37229537,6,37890.685
1701219300,37895.4,37895.5,37895.4,37895.4,37895.4,0.05405498,9,37893.125
1701219360,37895.5,37922.0,37895.5,37922.0,37909.1,0.34711629,21,37895.61
1701219420,37921.9,37922.0,37921.9,37922.0,37921.9,0.5255342,6,37897.520000000004
1701219480,37922.2,37922.4,37922.1,37922.3,37922.2,0.14423373,13,37899.445
1701219540,37922.4,37925.2,37922.4,37925.2,37923.5,0.34818481,8,37901.35
1701219600,37926.4,37949.9,37926.4,37949.9,37939.5,0.31903461,18,37903.85
1701219660,37949.9,38014.6,37949.9,38014.6,38003.1,9.68647299,55,37909.4
1701219720,38014.6,38054.5,38014.6,38054.5,38036.7,1.37881102,31,37917.45
1701219780,38054.5,38098.7,38019.1,38019.1,38074.1,17.10281109,91,37923.240000000005
1701219840,38027.4,38049.2,38025.4,38049.2,38028.8,0.15826306,14,37930.54
1701219900,38051.2,38051.2,38021.8,38021.8,38026.2,0.2007843,10,37936.11
1701219960,38021.9,38021.9,38021.8,38021.9,38021.8,0.475355,16,37942.985
1701220020,38021.8,38021.8,38014.5,38014.5,38019.7,0.62685306,18,37949.485
1701220080,38014.6,38014.6,38014.5,38014.6,38014.5,0.07871818,7,37955.990000000005
1701220140,38014.6,38014.6,38014.5,38014.5,38014.5,0.07698674,9,37961.94
1701220200,38014.6,38068.5,38014.5,38067.0,38018.2,4.35446264,24,37970.515
1701220260,38070.0,38070.0,38069.9,38070.0,38069.9,1.09123746,15,37979.240000000005
1701220320,38070.0,38070.0,38069.9,38070.0,38069.9,0.37088298,11,37987.969999999994
1701220380,38069.9,38069.9,38061.1,38061.1,38069.8,0.68635857,7,37996.255000000005
1701220440,38061.1,38086.8,38061.1,38086.8,38085.5,0.45492175,15,38005.82
1701220500,38099.8,38099.8,38087.4,38087.4,38099.7,0.78872289,17,38015.42
1701220560,38087.3,38087.3,38066.9,38067.0,38073.0,3.16907512,22,38022.67
1701220620,38066.9,38066.9,38021.8,38021.8,38052.9,0.21489723,13,38027.66
1701220680,38028.5,38032.7,38028.5,38032.4,38032.3,0.23298771,7,38033.165
1701220740,38032.4,38032.4,38032.3,38032.3,38032.3,0.00429507,3,38038.520000000004
1701220800,38032.4,38032.4,38032.4,38032.4,38032.4,0.02465915,5,38042.645000000004
1701220860,38032.4,38032.4,38032.3,38032.3,38032.3,0.00990248,3,38043.530000000006
1701220920,38035.2,38035.2,38035.1,38035.1,38035.1,0.00089955,2,38042.560000000005
1701220980,38035.2,38035.2,38035.1,38035.2,38035.1,0.0209288,4,38043.365000000005
1701221040,38035.2,38035.2,38035.1,38035.1,38035.1,0.06858569,8,38042.659999999996
1701221100,38035.1,38035.2,38014.2,38014.2,38034.7,0.87983477,21,38042.28
1701221160,38023.1,38027.6,38023.1,38027.6,38027.4,0.80109485,13,38042.565
1701221220,38033.5,38033.6,38033.5,38033.5,38033.5,0.02039616,4,38043.515
1701221280,38033.6,38035.3,38033.5,38035.3,38033.7,0.05290618,8,38044.55
1701221340,38048.0,38053.6,38048.0,38053.6,38049.3,0.1257549,7,38046.505
1701221400,38053.6,38069.4,38053.6,38069.4,38053.9,2.03186309,21,38046.62500000001
1701221460,38069.4,38069.4,38069.4,38069.4,38069.4,0.06017143,7,38046.594999999994
1701221520,38069.3,38069.4,38069.3,38069.4,38069.3,0.06618252,11,38046.564999999995
1701221580,38069.3,38069.3,38061.1,38061.1,38063.4,0.92648709,16,38046.564999999995
1701221640,38061.0,38061.1,38020.0,38020.0,38048.2,0.81037522,36,38043.225
1701221700,38020.1,38020.1,38001.0,38001.0,38016.9,0.31643171,10,38038.905
1701221760,38001.0,38001.0,38001.0,38001.0,38001.0,0.10579941,4,38035.604999999996
1701221820,38001.0,38001.0,37995.0,37995.1,37999.0,0.2646,15,38034.270000000004
1701221880,37995.0,37995.1,37995.0,37995.1,37995.0,0.02715087,2,38032.405
1701221940,37995.0,38033.4,37995.0,38033.4,38009.8,0.07561172,8,38032.46000000001
1701222000,38033.5,38055.2,38033.5,38055.1,38049.4,0.34362539,29,38033.595
1701222060,38055.1,38055.1,38051.0,38051.0,38054.7,0.84174542,12,38034.53
1701222120,38036.6,38040.1,38036.6,38040.1,38039.5,0.01989757,4,38034.78
1701222180,38044.9,38045.0,38044.9,38045.0,38044.9,0.51233889,12,38035.270000000004
1701222240,38045.0,38045.0,38044.9,38045.0,38044.9,0.16776471,9,38035.765
1701222300,38045.0,38048.0,38041.0,38041.0,38045.1,0.30737062,16,38037.104999999996
1701222360,38040.1,38040.1,38026.4,38026.5,38029.2,0.68511791,13,38037.05
1701222420,38026.5,38026.5,38016.3,38016.3,38021.6,0.16307918,13,38036.19
1701222480,38016.4,38016.4,38016.3,38016.4,38016.3,0.07547584,6,38035.244999999995
1701222540,38016.4,38016.4,38016.3,38016.4,38016.3,0.19481644,11,38033.384999999995
1701222600,38016.3,38016.4,38016.3,38016.3,38016.3,0.17426647,43,38030.729999999996
1701222660,38016.4,38016.4,38000.0,38000.0,38006.4,0.70364656,28,38027.26
1701222720,38000.0,38004.8,38000.0,38004.8,38003.2,0.2430596,10,38024.03
1701222780,38004.8,38004.8,38004.7,38004.7,38004.7,0.79279484,15,38021.21000000001
1701222840,38004.7,38004.7,37995.0,37995.1,38000.5,1.20822215,31,38019.965000000004
1701222900,37995.1,37995.1,37995.0,37995.0,37995.0,1.23162057,33,38019.665
1701222960,38000.0,38000.0,37984.5,37984.5,37990.6,2.05805836,25,38018.840000000004
1701223020,37984.5,37984.6,37960.0,37960.0,37984.1,1.30841993,39,38017.085
1701223080,37975.5,37975.5,37956.9,37957.0,37965.5,0.65145821,18,38015.18
1701223140,37956.9,37957.0,37954.8,37954.8,37956.8,0.26286797,26,38011.25
1701223200,37954.8,37962.9,37954.8,37962.8,37962.5,0.05233649,9,38006.634999999995
1701223260,37962.8,37962.9,37954.8,37954.8,37962.4,1.81011282,33,38001.825
1701223320,37954.8,37954.8,37954.7,37954.7,37954.7,0.08211211,11,37997.555
1701223380,37954.8,37954.8,37935.7,37935.7,37945.2,0.98208365,25,37992.090000000004
1701223440,37935.8,37935.8,37905.1,37906.1,37924.2,0.99677931,30,37985.145000000004
1701223500,37906.9,37913.9,37906.9,37913.9,37913.1,0.22351692,4,37978.79
1701223560,37913.9,37913.9,37913.8,37913.9,37913.8,0.04472586,8,37973.159999999996
1701223620,37913.9,37913.9,37913.8,37913.9,37913.8,0.01848193,9,37968.03999999999
1701223680,37913.8,37922.7,37913.8,37922.7,37915.0,0.76308192,21,37963.355
1701223740,37923.8,37923.9,37923.8,37923.9,37923.8,0.04042526,8,37958.729999999996
1701223800,37923.9,37923.9,37923.8,37923.8,37923.8,2.41666598,16,37954.104999999996
1701223860,37923.9,37940.9,37923.9,37940.9,37935.5,0.9185002,30,37951.15
1701223920,37940.9,37962.1,37940.9,37962.1,37945.5,0.09270833,11,37949.015
1701223980,37962.1,37973.2,37962.1,37973.2,37970.9,0.55782293,9,37947.439999999995
1701224040,37973.2,37973.2,37973.1,37973.2,37973.1,0.25801442,8,37946.345
1701224100,37973.2,37978.2,37973.1,37978.2,37973.2,6.01639358,10,37945.505
1701224160,37978.2,37978.2,37978.1,37978.1,37978.1,0.06369614,5,37945.185
1701224220,37978.2,37981.7,37978.2,37981.7,37981.6,16.97503708,28,37946.270000000004
1701224280,37981.7,37984.1,37981.7,37984.1,37984.0,18.86450863,34,37947.625
1701224340,37984.1,37984.1,37984.0,37984.1,37984.0,0.4449226,10,37949.09
1701224400,37984.0,37984.1,37949.9,37949.9,37983.0,1.46833607,22,37948.445
1701224460,37950.0,37954.7,37950.0,37954.6,37954.5,0.34099314,13,37948.435
1701224520,37954.6,37954.6,37954.6,37954.6,37954.6,1.42635081,37,37948.43
1701224580,37954.6,37954.6,37924.7,37924.8,37930.6,0.6259111,17,37947.884999999995
1701224640,37924.7,37924.8,37924.7,37924.8,37924.7,0.99551111,11,37948.82
1701224700,37928.0,37928.0,37927.9,37928.0,37927.9,0.0697347,8,37949.525
1701224760,37928.0,37928.0,37927.9,37928.0,37927.9,0.14232481,9,37950.23
1701224820,37927.9,37932.5,37927.9,37932.5,37931.2,0.00242697,4,37951.16
1701224880,37932.5,37932.5,37932.4,37932.5,37932.4,0.30620822,6,37951.65
1701224940,37932.5,37932.5,37932.5,37932.5,37932.5,0.00218244,2,37952.08
1701225000,37932.5,37932.5,37932.4,37932.5,37932.4,0.93440173,11,37952.515
1701225060,37932.4,37932.5,37927.0,37927.0,37928.9,0.54373301,28,37951.82
1701225120,37927.1,37927.1,37900.0,37900.1,37921.8,1.4056086,42,37948.72
1701225180,37900.1,37900.1,37900.0,37900.0,37900.0,0.55849335,9,37945.060000000005
1701225240,37900.0,37900.1,37900.0,37900.0,37900.0,3.67035175,7,37941.4
1701225300,37908.1,37908.1,37908.1,37908.1,37908.1,0.10651094,7,37937.895000000004
